clean_text,label
ad xem giúp mình với đăng ký gói cước nào hết tốc độ cao mình vẫn xem youtube fb và tiktok được ạ,POSITIVE
mình xài vnpt cực kì ưng giờ cao điểm cũng chưa bao giờ bị bóp băng thông,POSITIVE
cảm ơn chú nhiều hôm nay nhìn chú bảnh ra,POSITIVE
đã test hết gb tốc độ cao như chậm hơn rùa bò dùng mimax ngon hơn nha,NEGATIVE
nếu muốn so sánh thì nên vào trang chủ của nhà mạng nhé toàn vào mấy trang của cò mồi rồi so sánh,NEGATIVE
khúc cưới người tình cảm ghê,NEUTRAL
nhưng e dùng wifi,NEUTRAL
em đã làm được thank anh nha,POSITIVE
em đăng kí duoc rồi nhưng nó lạ lắm khong bây hơi,NEGATIVE
khong mà được gb lại còn dùng thả ga thi ai mà chả thích,POSITIVE
sao của mình lại hiên xác minh mãi mà không được nhỉ,NEGATIVE
nếu mik sim thì lấy tài khoản sim cx nạp duoc đko,NEUTRAL
được thật này cảm ơn anh,POSITIVE
em được cái nịt,NEGATIVE
viettel chô mai xem,NEUTRAL
tạch tạch tạch,NEGATIVE
cảm ơn anh em nhận duoc g trong tháng ạ,POSITIVE
ủ em nhớ này mới mở đk ae chờ tới hôm đấy ròii hả đk,NEUTRAL
á fail rồi vào hội fail với a luôn,NEGATIVE
viettel đánh theo cách vn dựa vào dân mà dân ở đây dân nghèo nông thôn vùng xa còn chưa được tiếp cận mạng viễn thông,NEUTRAL
à này hồi năm trước t cũng duoc,NEUTRAL
vô phần nò v a,NEUTRAL
anh ơi sao e khong duoc v,NEGATIVE
thấy quang hải mới vào chứ không đời nào vào xem quang cao âu,NEGATIVE
với cái đà này thì g chắc chẳng khác gì g là may,NEGATIVE
không chín tám chín không hai sáu năm bảy không đăng kí gói nào không giới hạn vậy,NEUTRAL
ô mai gót em đk thành công r tự nhiên hôm nay thấy anh quá đz,POSITIVE
hỏi adm phê ru hay peru vậy,NEUTRAL
hên quá ăn duoc r cảm ơn anh dz,POSITIVE
sao hủy mà không được vậy ạ,POSITIVE
vì bác phương nên tôi click vào xem video này,NEUTRAL
e khong ứng tiền mà nạp còn khong,NEUTRAL
lại tự sướng có khi lại nhập của tq rồi gắn mác vn,NEUTRAL
thành công rồi,POSITIVE
e đăng kí duoc nek mak sau mấy ngày hết data là sao vậy ah ơi,NEGATIVE
em dùng iphone đăng kí umax khong duoc còn bạn e bên android lại duoc là sao ạ,NEGATIVE
nhìn anh hải là thich rôi,POSITIVE
đã thử và thành công thank ae nhé,POSITIVE
sao o việt nam không áp dụng nếu thấy người dân nào vứt rác thì báo cho nhà mạng và phạt ta,NEUTRAL
fpt tốt hơn viettel được cái biết đòi tiền khách hàng nhưng mà khách hàng đóng tiền thành công chẳng thấy lời cảm ơn nào nhưng mà viettel được cái khách hàng thanh toán tiền cước thành công họ sẽ gửi lời cảm ơn,POSITIVE
cho em hỏi thuê bao không ba năm sáu không chín tám một không chín đăng ký duoc gói nào ạ,NEUTRAL
mấy ông h mới biết à tôi biết từ thang trước,NEUTRAL
rồi nó trừ tiền vào đâu ạ,NEUTRAL
e có dịch vụ economy để duy trì sim phải nạp tiền vào gia hạn ngày hết ngày là bị chặn chiều phải làm sao ạ,NEUTRAL
nếu samsumg jem mua sim g em sữ dụng đươc bao nhiêu ngày,NEUTRAL
có mất tài khoản gốc khong a,NEUTRAL
em đỏ quá,POSITIVE
xem vì anh hải,NEUTRAL
thật khâm phục và tự hào,POSITIVE
làm được như vậy và thành công như vậy không phải đơn giản chúc mừng việt theo các bạn là niềm tự hào của người việt nam,POSITIVE
tb không tám sáu năm không sáu bốn ba bảy bốn ad xem đăng ký được gói nào ạ mong ad trả lời,NEUTRAL
cho em hỏi số thuê bao không chín tám ba ba bảy không không bốn sáu đăng ký được gói mạng không giới hạn nào ạ,NEUTRAL
em có goi ngày cho g mà em xài hết g trông ngày rồi khi nào có lại ạ em đợi qua h ma chưa có,NEGATIVE
tập đoàn thành phố xo,NEUTRAL
tk của em dư tiền mua gói khong mà sao nó để số dư khong đủ ạ gói nào cũng khong mua duoc kể cả gói rẻ hơn mong anh chỉ e vơi ạ,NEUTRAL
không ba năm hai tám bốn ba một một bốn đăng ký được gói nào không ạ,NEUTRAL
rat tóc ông gạo lạ quá,NEUTRAL
mình đăng kí được rồi nè hên vãi chưởng,POSITIVE
tại vì anh không soạn chữ g hoa đấy,NEUTRAL
tôi lo họ lại hợp tác với huawei của tàu thì ảnh hưởng đến an ninh quốc gia,NEUTRAL
còn vina thì sao ạ,NEUTRAL
em làm xong bh hết tốc độ cao cứ như hết mạng ý ạ hk xem duoc gi nx,NEGATIVE
sao tôi khong đăng kí được zậy ad,NEGATIVE
ơ e duoc này,POSITIVE
cho e hỏi sao em khong đk duoc gói umaxn ạ,NEGATIVE
nhanh rẻ thế này thì phê rồi mãi mới chịu ra gói này,POSITIVE
không biết thị trường vênêzuêla viettel đã đầu tư và kinh doanh tới đâu rồi,NEUTRAL
cho em vào hội,NEUTRAL
tháng cái gì tôi mới duoc ngày,NEUTRAL
mạng g mà như g ấy,NEUTRAL
yêu quang hải,POSITIVE
chức mừng và tự hào viettel,POSITIVE
ông giống tôi rồi còn đúng cộng dây thun,NEGATIVE
đây là commen đầu nhưng tao muốn nói chúng mày thôi chiếu quảng cáo được không phiền quá luôn đấy,NEGATIVE
thấy bác phương nhảy vào luôn,NEUTRAL
mạng ở vùng cao mạnh hơn ở tp đấy mọi người nhé,POSITIVE
nhanh hơn lại rẻ hơn thì tội gì mà khong dùng chứ,POSITIVE
sao ai cũng thành công còn em lại không v anh chỉ em với,NEGATIVE
đơn giản thế à liệu có cài được khong,NEUTRAL
ông nói nhiề quá video chỉ dành cho tầng lớp trung lưu,NEGATIVE
mình khong dky duoc,NEGATIVE
xinh qua uoc gi,POSITIVE
của mình được luôn nè,POSITIVE
bị lỗi vùng sao anh,NEGATIVE
nhà mình sài đầu cũ n bị yếu vì có sài đ mb h mà kiêu thì không đổi nó kiêu sai đi mà giờ l mb đ mb rồi,NEGATIVE
máy e khong có anh ơi,NEGATIVE
số thuê bao khôngbabahaikhongmotbamotkhongba thì đăng kí umaxn ddc khong ạ,NEUTRAL
em bị vô hiệu hóa là bị gì v anh,NEGATIVE
chúng tôi người dân việt nam cảm ơn các anh đã đem lại niềm tự hào cho người dân việt nam mình,POSITIVE
doanh nghiệp nhà nước duy nhất báo lãi đều đặn hàng năm đóng tiền ngân sách chứ khong há mồm hút tiền ngân sách,POSITIVE
tôi cần viettel bán con gấu bông alo shop ơi,NEUTRAL
quá tuyệt vời,POSITIVE
cái gì theo cách của bạn slogen cộc thiếu chủ ngữ bỏ ngay,NEGATIVE
mở lại video của huấn và coi cho đỡ tức khi làm không thành công,NEGATIVE
anh mạng fbt khong tháng mà sao thu khong tháng vậy đúng không anh,NEGATIVE
quang hải đẹp trai,POSITIVE
ô có tóc mới hả,NEUTRAL
t lắp wifi nhưng nhà mạng sctv quá yếu đang suy nghĩ fpt viettel hay vnpt cái nào tốt,NEUTRAL
giọng ai mà nghe quen thế,NEUTRAL
hì hì thành công rồi anh ơi,POSITIVE
cho em hỏi số thuê bao không ba năm hai một tám hai tám sáu hai của em sao không đăng ký duoc gói umaxn ạ,NEGATIVE
nói cái gì liên miên vãi,NEGATIVE
sim đều thành công cảm ơn anh nhìu lắm nay anh đẹp troai nhứt nách,POSITIVE
nó bắt xác minh anh ơi,NEGATIVE
người biên tập xây dựng hay xem hết series năm rất xúc động và tự hào mấy cái này đưa vào trường học cho các em hoc sinh sinh vieen xem cũng ý nghĩa,POSITIVE
con đt sony đó tên gì v ạ nó đẹp quá,NEUTRAL
mấy nước không có công ty tập đoàn viễn thông nào vào chiếm lĩnh là viettel lập tức phi vào ôm trọn cả đất nước đó luôn,NEUTRAL
how come there s no english language for international customers hey come on we world people are ready to support your brand anytimeif they just speak english let s face the reality,NEGATIVE
sim khong duoc may cái sim mua để đăng kí mã hs duoc cảm ơn a nhiều lắm,POSITIVE
đoạn sau chỉ vừa nghe vừa cảm nhận sự tự hào không hề nhẹ trong lồng ngực,POSITIVE
làm đủa các kiểu theo huwosng dẫn cũng khong quét được,NEGATIVE
từ khi xài fpt mình chán game nào xóa luôn khỏi suy nghĩ hôm sau muốn chơi lại chỉ cần ấn download xg pha ly nước lên ngồi là vừa xong download game toàn với tốc độ mb s,POSITIVE
dịch vụ không hỗ trợ thù đăng kí thế nào ad,NEGATIVE
ah cho em hỏi là khi mình muốn nạp game hay mua một cái gì đó là nó sẽ trừ tiền có trong sim của mình hay là nó trừ tiền có trong thẻ ngân hàng của mình vậy ạ mong anh giải đáp,NEUTRAL
một thành quả đáng để tự hào chiến thắng trên mặt trận kinh tế nó không kém vẻ vang hơn trên mặt trận quân sự,POSITIVE
tui vì quang hải mới vô đây,NEUTRAL
anh ơi em đăng kí được thành công nhưng đến ngày thứ làm sao để sài tiếp vậy ạ em sử dụng hết gb của ngày qua đến ngày thứ thì không có ạ,NEGATIVE
video hay quá,POSITIVE
vừa đúng lúc hết hạn g đăng ký luôn max g,POSITIVE
cái này thà mua một cái sim g hoặc là sim đom dùng còn sướng hơn là có bg xài thoải mái luon,NEGATIVE
trang youtobe như gà thị trường châu âu nào đây châu mỹ mẹ à khong biết gì về địa lý à,NEGATIVE
cho chị hỏi sim chính chủ nhưng ít nộp tiền hạn rất ngắn giờ chị phải làm sao cho hạn dài ngày em nhỉ,NEUTRAL
fpt kg nên xài xài năm trang bị mode băng tần gọi lên hỗ trợ kêu mua wifi khong trong khi viettel mới dùng năm đã trang bị băng tần miễn phí cho người dùng năm được home wifi miễn phí năm trang bị luôn wifi miễn phí cho khách hàng fpt thua xa kể cả cách phục vụ khách hàng không nhanh gọn lẹ như viettel viettel mãi đỉnh đúng quân đội nghỉ được làm được,POSITIVE
đang nói peru là quốc gia nam mỹ là khu vực rừng già amazon xong lại nói là thị trường châu âu giàu có là cái ý muốn nói gì vậy,NEGATIVE
gửi vào đâu ạ,NEUTRAL
cảm ơn anh zai đã đăng ký duoc r,POSITIVE
tui thề là thấy quang hải tôi mới vào xem quảng cáo thôi khong bao jo ưa quảng cáo,NEUTRAL
nói đến viettel thì chỉ có nói theo cách của bạn,POSITIVE
khâm phục những con người viettel,POSITIVE
peru thu nhập bình quân đầu người hơn vn thôi chứ về sức mạnh nền kinh tế sao bằng vn peru còn nghèo lắm công nghệ chưa có gì cả add nên tìm hiểu thông tin thêm nhé,NEGATIVE
mình đã đký thành công c ơn anh đã hd,POSITIVE
hát karaoke vẫn bị lệch,NEGATIVE
clm đen như cko sim khong trúng,NEGATIVE
top những tập đoàn có sức ảnh hưởng đến toàn cầu viettel đứng trên toyota thì chúng nên tự hào,POSITIVE
noi bizt sa czng,NEUTRAL
website hỗ trợ đăng ký mimaxg nhanh tại đây,NEUTRAL
tự dưng có g dùng đến tết,POSITIVE
từ năm ngoái đã đổi qua sim viettel để xài quá tự hào,POSITIVE
hai sim duoc hết luôn h xài khong bt lm s hết lun,POSITIVE
ad cho em hỏi số không ba năm ba hai tám năm năm ba bốn có đăng kí được gói umaxg không ạ,NEUTRAL
đây gọi là ảo tưởng và ngộ nhận,NEGATIVE
thua em dung ban xôi,NEGATIVE
o xa hoi nghia tan uyen binh duong co phu song g chua chi,NEUTRAL
vậy khi thanh toán chỉ cần nạp tiền vào điện thoại đúng khong ạ,NEUTRAL
ê còn iphone thiếu chữ hoa la g hoặc g kìa,NEUTRAL
mong viettel phát triển mạnh phủ sóng thêm nhiều quốc gia,POSITIVE
anh ơi bao h iphone mới có điện thoại gập,NEUTRAL
ad cho em hỏi sim nào thì mới đk được ạ,NEUTRAL
rất tự hào về viettel của chúng ta,POSITIVE
noi bizt sa czng,NEUTRAL
viettel hãy nói theo cánh của bạn,POSITIVE
dù sao thì viettel cũng có g đầu tiên hy vọng các nhà mạng còn lại cũng có gói tương mimaxg trong tương lai,POSITIVE
chúng ta chỉ là những người bàn luận còn thực chất trong chiến trường này viettel đã rất giỏi rồi khâm phục cách nhìn nhận của viettel,POSITIVE
cảm phục và trân trọng viettel,POSITIVE
rẻ là thích rồi,POSITIVE
ok t làm được nha thử nếu muốn,POSITIVE
có bị mất tiền khong,NEUTRAL
em soạn rồi cũng bị như vậy luôn,NEGATIVE
cách thay đổi tốt nhất là giảm giá cước g tăng tốc độ lên chứ đừng dùng mấy cái cljp nhảm này để pr nữa thân gửi phùng quang thanh,NEGATIVE
hãy nói theo cách của bạn và thu tiền theo cách của chúng tôi xd,NEGATIVE
g g nên hỏi sao sai g này khong ghi mà ghi g này,NEUTRAL
rất tuyệt vời,POSITIVE
em duoc nè anh,POSITIVE
đăng kí duoc cảm ơn bạn,POSITIVE
ứng dụng nước ngoài nó bảo khong có ở quốc gia mình thì làm sao,NEGATIVE
đen rat sao mỗi t khong duoc vậy,NEGATIVE
hay quá trời được luôn anh zai ơi,POSITIVE
em không đăng ký được,NEGATIVE
em đăng ký duoc rồi cảm ơn anh nha,POSITIVE
tụi quản lý sim khách chơi ngon đang dùng g chuyển qua e g tụi này chơi ngon cung cấp cho khách rồi đòi thu sim khách chuyển qua dùng mạng khách tụt doanh số hết ngồi chơi,NEGATIVE
bao giờ viettel làm cái app thay thế zalo vậy mong lắm lắm,POSITIVE
cali nhìn chắc khóc thét,POSITIVE
viettel vừa đắt vừa chất lượng kém,NEGATIVE
xem vì bích phương,NEUTRAL
sao mình dky thì nhận duoc ct không áp dụng cho thuê bao,NEGATIVE
quang hải ngầu quá,POSITIVE
giờ khong cho thanh toán nữa,NEGATIVE
uầy hôm nay a đẹp trai quá nên a chỉ em xài máy android nào sang mà lại hút gái như anh đi ạ,NEUTRAL
tin này cách này hơn năm các kênh đã đăng lại trên dưới trăm lần nay lại nhai lại bảo là mới đây trên trang mạng mới đưa thua bà,NEGATIVE
có cái nịt,NEGATIVE
xem vì có a hải,NEUTRAL
đăng kí như nào nhỉ,NEUTRAL
cho em hỏi umaxn hết data vẫn lướt tik tok được chứ,NEUTRAL
em được nè,POSITIVE
how come there s no english language for international customers hey come on we world people are ready to support your brand anytimeif they just speak english let s face the reality,NEGATIVE
em cũng như ah,NEUTRAL
không ba sau bảy chín năm năm năm tám bốn mong ad kiểm tra giúp em xem dk gói nào phù hợp ạ,NEUTRAL
không ba sáu sáu hai bảy một tám một bốn đăng ký gói nào ạ,NEUTRAL
ê được r anh iu a,POSITIVE
tại ông sài iphone iphone nó nặng mùi lắm làm gì cũng xui con samsung tui duoc hết nè,NEUTRAL
fpt đắt vãi thật,NEGATIVE
ui thank anh nhiều lắm,POSITIVE
viettel làm ăn như qq t thề khong nói phét tí nào mạng chập chờn liên tục gọi hỗ trợ thì toàn bot ktv hỗ trợ đang bận tháng liên tiếp nhé xong cứ nhắn tin hỏi thái độ phục vụ hỏi cái qq báo thay cục wifi thì bảo hiện tại trên địa bàn đã hết trung tâm thành phố cứ có phải nông thôn méo đâu như kiểu đi xin dcu ức éo chịu duoc t đang bận chưa có thời gian tìm hiểu nhà mạng khác để thay nốt tháng này cho chim cút khuyên ae khong dùng nhà mạng viettel,NEGATIVE
em khong duoc,NEGATIVE
sim g viettel chạy chạm không,NEUTRAL
uầy em đăng ký thành cônng,POSITIVE
dit me trừ hết mấy trăm của tao,NEGATIVE
quan trọng thằng nào ít bóp băng thông có gb nó bóp cũng lag,NEGATIVE
mobi đâu a,NEUTRAL
a bắt tay với e tí tạch luôn,NEGATIVE
mạng của vn bay cao bay xa,POSITIVE
viettel là niềm tự hào cho dân tộc việt nhưng như có bạn đọc đã nhắc rất hay kinh doanh để lấy lợi nhuận là một lẽ ngoài ra công ty việt nam mình hãy nêu cao tinh thần việt nam hồ chí minh hãy nhớ lại dân mình từng là nô lệ của ngoại bang mà hỗ trợ giúp đỡ tạo thêm tình yêu việt nam trong lòng nhân dân thế giới nơi mình đến làm ăn đó mới là thứ lợi nhuận cao nhất,POSITIVE
a di đà phật,NEUTRAL
góp ý một chút nói bớt múa tay múa quá nhiều nhìn kỳ cục lắm học mấy ac biên tập viên vtv ấy họ nói không đảo mắt tay giữ im biểu cảm ít,NEGATIVE
non đi em g năm,NEGATIVE
mong các bác vietel đầu tư mạnh vào công nghiệp quốc phòng,POSITIVE
có gói cước là được rồi trước không biết toàn dùng chay tốn pin lắm,ERROR
cho em hỏi thuê bao không ba tám hai bốn bốn bảy bảy không chín sao khong đăng kí duoc gói umaxg ạ,NEGATIVE
nếu khong có quang hải thì tôi khong xem quảng cáo này,NEGATIVE
có g đời không phải chờ rồi,POSITIVE
dịch vụ này giờ soạn tin vẫn cài bth phải khong ạ tại trước e cài dv này qua nhưng nay e vào khong thấy mục cài khong p này nữa,NEUTRAL
sao mạng viett giờ khong có chương trình tháng tăng tháng và một năm tang tháng nữa nhỉ,NEGATIVE
nói thì bảo tôi nói xấu chứ chỗ tôi đang ký mạng lúc sài được lúc không thì tiền vẫn trả đủ cho viettel bảo sao nó không giàu còn gọi cho thôi bỏ đi,NEGATIVE
gói umaxn và umaxg có gì khác nhau khong vậy ad,NEUTRAL
e nói thật chứ bây giờ g còn khỏe hơn wifi nhiều,POSITIVE
di doi co ma doi ca tieng,NEGATIVE
không giới hạn dung lượng,POSITIVE
yêu qh fan chân chính mình rât mê đá bóng cå nc ngoài lân vn,POSITIVE
những doanh nghiệp nào thành công được ở vn thì không ngán bất cứ nước nào vì môi trường kinh doanh ở vn vô cùng khắc nghiệt sản phẩm cổng hàng ngàn thứ phí từ chính thước tới khong chính thức cho nên nếu doanh nghiệp nào vượt qua được giai đoạn đầu và trung kì thì khong còn ngán bất cứ thị trường nào,POSITIVE
mới xem song và đăng kia chương trình khong áp dụng cho thê bảo của bạn cay thế nhờ,NEGATIVE
không giới hạn lưu lượng thế này thì thích rồi dùng mạng khỏe lại còn rẻ nữa,POSITIVE
h đàng sài vnpt mà qua viettel thì hủy mạng bên vnpt kiểu gi nhỉ ae,NEUTRAL
chiến lược lấy nông thôn vây thành thị là cái độc đáo giống như đánh mỹ trước đây,POSITIVE
không thấy phương thức thanh toán,NEGATIVE
ảo tưởng đến thế đã là cùng chưa nhưng thôi làm gì còn ai ảo tưởng hơn người kinh đâu,NEGATIVE
cho e hỏi e ở hải dương có sóng g chưa vậy,NEUTRAL
uầy được nè cảm ơn rất nhiều,POSITIVE
mình dùng vietel mà yếu quá mới cắt xong có mạng nào ổn định khong ak,NEGATIVE
đkm chờ lâu rat cuối cùng cũng chịu ra gói g khong giới hạn cứ toàn cắt mạng khi sử dụng hết dung lượng chắc tao éo dùng g luôn,POSITIVE
tổng đài sad có làm mới có ăn,NEGATIVE
tự hào về viettel,POSITIVE
ảo thật đấy,NEUTRAL
tin chuẩn chưa anh,NEUTRAL
ảo thật đấy e được này,POSITIVE
cảm ơn viettel tập đoàn viễn thông quân đội đã và và đang góp phần rất lớn phát triển kinh tế đất nước và an ninh quốc phòng,POSITIVE
phương xinh quóa,POSITIVE
đt em khong may mắn lắm,NEGATIVE
kêu dẹp sim rác không được thì cứ identified mãi à,NEGATIVE
chuyện này lâu rồi,NEUTRAL
ad cho hỏi là ngoài các nước mà viettel đã đầu tư mạng viên thông trước đây thì trong tương lai viettel còn dự định tiến vào các thị trường khác không,NEUTRAL
e được nè,POSITIVE
ngày tháng năm sinh trên cmnd khác với cd hệ thống khong cho cập nhật vậy phải ra cửa hàng à,NEGATIVE
cho em sđt tổng đài đăng ký g là số mấy,NEUTRAL
m đ kỳ,NEUTRAL
ủa a ơi cho e hỏi là có thể áp dụng bên vietnamobile duoc khong a hay áp dụng mỗi viettel thôi,NEUTRAL
cô gái cưỡi trên máy bay nhìn thú vị nhỉ,NEUTRAL
bao lâu nay mong giờ đã có mimax xịn hẳn trên nền g,POSITIVE
ơ sao mk lại là khong phải may mắn mà là quý khác khong duoc tham gia chương trình nhỉ,NEGATIVE
mn cho e hỏi tí sao logo mới chữ v trong từ viet khong duoc viết hoa vậy,NEUTRAL
ôi anh qh của tui,POSITIVE
mé sim phục duoc,POSITIVE
vingroup bán xe tại peru là ổn,POSITIVE
thị trường nào khoai nhất thì viettel chiếm sóng hahaha,POSITIVE
e trúng r,POSITIVE
cho em hỏi thuê bao không ba chín bốn ba sáu bốn một một bốn thì dùng gói khong được không ạ,NEUTRAL
cái nịt còn đúng cái nịt,NEGATIVE
mã bưu điện là sao ạ giải đáp giúp em với,NEUTRAL
đăng ký hôm qua rồi,NEUTRAL
chốt lại mạng rẻ sóng khỏe ngon vlin,POSITIVE
sao tôi không chuyển đổi qua gói cước tom được,NEGATIVE
nhạc hay lắm,POSITIVE
sao thấy ai cũng vào xem vì có quang hải vậy ta có ai xem vì bích phương như tui hong,NEUTRAL
peru châu mỹ chứ không phải châu âu ad ơi,NEGATIVE
làm ơn đi đường dây đẹp đẹp gọn gàng chút dây nào không sử dụng thì kêu thợ tháo bớt trời ơi nhìn cái đống bùi nhùi trên cột điện mà muốn sảng quấn vòng tròn nùi nùi trên cột điện tại sao tập đoàn lớn lại đi đường dây mất thẩm mỹ như vậy không nói đến mạng mạnh hay không nhưng mất thẩm mỹ và xấu xí là có thật cứ như chỉ biết thu tiền chứ xấu đẹp thì kệ mẹ vậy những nhân viên đi đường dây cực kỳ vô trách nhiệm đi đường dây dư ra là quấn vòng tròn đống trên cột điện chứ không cắt bớt không thể hiểu nổi,NEGATIVE
uầy được thật này sao anh hôm nay đẹp trai thế,POSITIVE
mấy năm gần đây viettel đang dậm chân tại chỗ mấy năm trước đấu thầu mạng bên philippin thua trung quốc còn indonesia là thị trường lớn nhưng mãi chưa chen chân vào được phải mãi tinh thần khởi nghiệp mới duoc,NEGATIVE
ad cho em hỏi số không ba tám ba ba bảy không sáu năm bốn sim từ xưa thì nên đk gói nào phù hợp giá cả phải chăng ạ,NEUTRAL
giờ không thanh toán được nưax,NEGATIVE
muốn thanh toán mà thấy phương thức thanh toán telecom hiện là không có mà hơn nữa là thẻ vib cũng bị lỗi là không có nữa tức thật,NEGATIVE
cháu toàn cmt không liên quan video nhưng mèo của chú gạo đẹp thật ấy,POSITIVE
vaii duoc luôn,POSITIVE
em thành công rồi này,POSITIVE
theo ý tôi thì chỉ cần cho chúng tôi xử dụng cái g tốc độ cao mà chúng tôi vẫn mua ấy tốt rồi miễn phí cái g tốc độ cao cần gì g để tốn kinh phí khi mà g vẫn đang chưa khai thác hết cho khách hàng lãng phí quá,NEGATIVE
em bị cụt tay cụt chân anh giúp em chơi genshin đi anh,NEUTRAL
uầy thấy anh đzz quá,POSITIVE
nhân viên thế này chúng tôi xin thua cô quá xuất sắc,POSITIVE
không ba bảy bảy sáu ba không bảy không không ad xem hộ em xem đăng ký được gói nào khong ạ,NEUTRAL
mỗi tháng nạp đều đều cho ông chú khong để lấy gb ngày,NEUTRAL
được rồi anh ưi mơn anh,POSITIVE
tuyệt vời viettel,POSITIVE
ae dùng vinalines kiểu,NEUTRAL
không thanh cong,NEGATIVE
đào coin nữa đê,NEUTRAL
anh đạt nay đẹp trai rat,POSITIVE
hê hê nay thấy quý anh ghê em đăng kí thành công,POSITIVE
bác phương đưa tui đến đây,NEUTRAL
viettel telecom là nó trừ tiên trong sim mình phải không anh,NEUTRAL
hên v l anh ạ,POSITIVE
vậy ở nam định có sóng g chưa àd,NEUTRAL
cho em hỏi số không ba sau bảy một sau ba không hai không dùng gói nào khong giới hạn lướt fb tiktok thoải mái ạ,NEUTRAL
đúng như hình ảnh lúc đầu vdeo nếu con chó con mèo mà thông minh n cũng có thể sd internet ở vn khắp mọi nơi,ERROR
sao làm ik sì mà khong có số,NEGATIVE
buồn cười quá,POSITIVE
hẹn giờ mình đang fpt mà chán lắm trước đây mình có xài viettel năm rồi ok lắm,POSITIVE
vì hải tui mới vào đấy có hải là vào liền,NEUTRAL
cảm mơ anh zai nhiều,POSITIVE
e đăng ký thành công r,POSITIVE
chơi con sony xz ngon nhỉ,POSITIVE
quảng cáo vô lý,NEGATIVE
tôi muốn lắp mạng spt,NEUTRAL
hóng mãi mới ra,POSITIVE
may quá thế này thì sống sót qua thời gian đứt cáp quang rồi,POSITIVE
uii anh giống em thế,NEUTRAL
em duoc rồi cảm ơn anh,POSITIVE
thế g chơi liên quân được khong đảm bảo khong lang khong ad,NEUTRAL
cô nhân viên tổng đài xinh lắm luôn chuẩn,POSITIVE
dùng số số nào cũng tạch,NEGATIVE
chị phương xinh đẹp,POSITIVE
mình cập nhật rồi mà sao vẫn thông tin ng khác vậy,NEGATIVE
bỗng hôm nay ah chuyền hết sự may mắn cho em,POSITIVE
sao làm được bạn,NEUTRAL
tu hao viet nam tu hao viettel,POSITIVE
bị vô hiệu hóa thì làm sao à anh,NEGATIVE
con thú bông đó xinh quá vậy,POSITIVE
đăng kí gói facebook s ạ,NEUTRAL
em duoc nek,POSITIVE
ơ duoc nè,POSITIVE
thích bà phương qué,POSITIVE
đúng lúc hết mạng em cảm ơn anh nhiều nhá a đẹp trai,POSITIVE
g vettell moi tháng được tặng gb hk chị,NEUTRAL
có mấy phí khong,NEUTRAL
cho em hỏi số thuê bao không ba tám bốn bảy một ba không ba năm có đăng kí gói umaxn được không,NEUTRAL
cảm ơn a nhiều lém,POSITIVE
đúng là đồ của quân đội hơn hẳn fpt bậc fpt toàn chém gió còn ông viettel này cứ im im mà làm thôi không làm được thì không nói ai như ông fpt nổ banh trời,POSITIVE
tôi ở quy nhơn bình định dùng viettel thì có sự cố gọi chờ từ sáng tới tối không thấy ai tới khắc phục tối h nhận được cuộc gọi báo tối rồi để sáng mai sửa hết ngày không chỉ lần mà là trên lần rồi dịch vụ hơi tệ mấy bác viettel ơi,NEGATIVE
hit ăn luôn ngon,POSITIVE
ad ơi có gói cước nào dùng app trung quốc duoc khong ạ,NEUTRAL
anh cho em hỏi vnpt tất cả các gói đều có wifi hết chưa anh,NEUTRAL
y như tôi,NEUTRAL
quang hải đẹp trai quá ước gì được gặp quang hải,POSITIVE
viettel quá đỉnh,POSITIVE
em đen giống anh rồi,NEGATIVE
bảo trì fpt nhanh hơn viet heo oái giờ ơi viet heo mà modeo gặp sự cố một phát dù ở tp nhưng chờ nó mất cả mấy ngày fpt phút mốt nói chung là khá khó chịu với dịch vụ cskh của viet heo nhưng đương truyền s dung khá ổn định nha,NEGATIVE
chúc cho tập đoàn viễn thông viettel phát triển vững mạnh hiện đại toàn diện vươn tầm thế giới đầu tư ra nhiều quốc gia trên thế giới đem lại nhiều lợi nhuận cho đất nước,POSITIVE
chả cần soạn tin tự được,POSITIVE
hy vọng sau này còn nhiều gói cước hay hơn nữa,POSITIVE
mn cho e hỏi tí sao logo mới chữ v trong từ viet khong duoc viết hoa vậy,NEUTRAL
e rất thik xem những video cs a quang hải luôn,POSITIVE
vãi có ae chửi ổng rồi kêu xui mà khong biết rằng vid up,NEUTRAL
viettel mà sang angola thời điểm này thì cả nước sẽ dõi theo vì có team q linh ở đó,POSITIVE
em đen quá,NEGATIVE
dùng viettel bao nhiêu năm nay vẫn thích chẳng có ý nghĩ là đổi mạng khác chất lượng dịch vụ cũng như chăm sóc khách hàng cảm thấy ok,POSITIVE
ôi dồi ôi em cảm ơn anh nhiều nha em đăng ký thành công rồi ạ rất rất cảm ơn anh,POSITIVE
tự hào việt nam tôi,POSITIVE
nay trông bảnh,POSITIVE
dùng viettel dùng luôn cả em này,POSITIVE
gói này mới đăng ký xong không giới hạn tốc độ thế mới yêu chứ,POSITIVE
sao đang ký hoài khong duoc ta,NEGATIVE
mytel lên rồi lại xuống,NEUTRAL
em đen như anh luôn còn đúng cái nịt,NEGATIVE
content chất lượng như mọi khi,POSITIVE
ơ duoc này,POSITIVE
có duoc tán em nào tổng đài khong nhỉ,NEUTRAL
ui cảm ơn anh nha hihi tự nhiên đag hết tiền có g,POSITIVE
dạ anh cho em ở trọ cần lắp wifi riêng thì nên chọn nhà mạng và gói cước nào ạ em chơi game nhiều nên cần tốc độ mạng nhanh và ổn định ạ em xin cảm ơn,NEUTRAL
vãi lên youtube thì ngoan còn ở việt nam thì như cuc mạng thì chạy lúc được lúc không tiền thêu bao vẫn trả đều hàng tháng gọi điện báo lên thì bảo để bên kỹ thuật trả lời,NEGATIVE
vậy chớ ở trong nước hóa đơn thu tiền tên khách hàng lại ghi chữ thường khong tin thì để ý sẽ thấy,NEUTRAL
má cứ tưởng viettel đầu tư ở peru mới đây lục tìm trên youtube thì thấy đầu tư gần chục năm rồi xào lại tin cũ làm tụt hết mẹ cảm xúc ps đăng tin kêu mới đây làm mò tìm thì hóa ra tin cũ làm tức tốc quay lại chửi phát để hạ hỏa,NEGATIVE
giờ g là xu thế ai ai cũng dùng g đâu đâu cũng nói về g mình khong dùng g chắc thành lạ hậu mất các bác nhỉ,POSITIVE
viêttel giờ yếu xìu,NEGATIVE
em thành công rồi hên v,POSITIVE
em muốn đăng kí gói nào mà chơi game xem youtube tik tok bình thường ạ add chỉ giúp e voi,NEUTRAL
hồi cấp tôi đã từng khong liên lạc được vì cả lớp dùng sim viettel có mỗi tôi vì con nhà bưu chính viễn thông nên dùng sim vnpt,NEGATIVE
mình hên cũng còn đúng cái nịt,NEGATIVE
đoạn này chính là panel giây mới của viettel sau khi tái định vị thương hiệu kính chúc viettel ngày càng vững mạnh và phát triển xứng đáng với niềm tin của khách hàng,POSITIVE
lắp mạng viettel siêu chập chờn luôn chơi game khong nổi đâu dùng fb yt thôi toii lắp mới cứng cũng bị,NEGATIVE
vô hiệu hóa thì sao ạ,NEUTRAL
muốn mạng ngon chơi gói viettel nghìn ấy,POSITIVE
lại châu g cag đét mỗi tối trưa đổi được sim,POSITIVE
tôi duoc nè,POSITIVE
sao ở gò công chưa có,NEGATIVE
mạng viettel nó yếu và không tôn trọng khách hàng mạng sẽ luôn yếu vào cỡ h sáng và sẽ reset mạng lúc h đêm gần như hàng tuần hàng ngày không thông báo khách trước thời gian reset cỡ toàn sever nói chung đồ gì có chữ việt vào ấy thì đừng nên mua chia sẻ chân thành,NEGATIVE
tôi thấy quang hải trong quảng cáo cho nên tôi mới xem thôi chứ tôi kh bao h tôi xem quảng cáo cái gi hết vì ah quang hải rất đẹp trai và đá bóng rất giỏi,POSITIVE
đang dùng g,NEUTRAL
nói chuyện dài dòng rườm rà quá chán,NEGATIVE
xui ghê khong duoc,NEGATIVE
cứ chèn cái thằng tù vào làm gi vậy nhỉ giáo dục lớp trẻ ah rp cho lẹ,NEGATIVE
chỉ có mấy ngày đầu là mạnh ổn định sau đó thì chậm dần sau vài tháng mấy tháng bắt đầu chậm hẳn trong thời gian sử dụng có rất nhiều quảng cáo từ nhà mạng để dụ người dùng thay thiết bị nào là râu râu nào là wifi nào g lên g nhưng tốc độ thì không khác biệt thậm chí nếu kết nối bằng tần g load còn chậm hơn g thiết bị mà phát cả g và g phí lắp đặt và tiền tháng thì tăng dần,NEGATIVE
chúc viettel hùng mạnh a z nhất là quốc phòng thật cám ơn các lãnh đạo đầu tiên của viettel họ là những con người tài giỏi trung nghĩa và tử tế,POSITIVE
ơ sao khong duoc thế a,NEGATIVE
đen thế nhờ,NEGATIVE
cám ơn a e đăng kí thành công r,POSITIVE
mua ròi có bị trừ tiền tiếp hog ah,NEUTRAL
ủa ý là mình duoc free hả a hay mik dg nợ,NEUTRAL
ng dùng mobi,NEUTRAL
nó trừ vô sin à bạn,NEUTRAL
tóc ông admin này nhìn hài vãi,NEUTRAL
mới đăng ký gói này xong thấy tốc độ nhanh mà rẻ hơn các gói g trước thật p s anh diễn viên đóng quảng cáo đẹp trai quá,POSITIVE
sao mình tạo xong lại kh có sđt ở đuôi nhỉ,NEGATIVE
người miến điện còn đốt sim viettel nữa khong vậy,NEGATIVE
cái này nó nâng g cho sim g cskh nó tự gọi mà nhỉ,NEUTRAL
gói cước rẻ quá đi mong sẽ có nhiều gói khác hơn nữa,POSITIVE
có vinaphone khong vậy ak lm vinaphone nx đi ak,NEUTRAL
tui duoc r nè,POSITIVE
cười chết với con cháu nhà chú cuội haha,POSITIVE
nó ra mã bưu điện là s anh,NEUTRAL
ngóng mãi mới có gói không giới hạn cho g trước toàn gói có giới hạn,POSITIVE
ông chú viettel chiều lòng giới trẻ quá,POSITIVE
tui thấy quang hải mới vào xem hì,POSITIVE
không chín sáu chín năm bốn tám ba tám chín nên dùng gói nào thi unlimit vậy ad ơi thank ad nhiều,NEUTRAL
vnpt với fpt nhé,NEUTRAL
chia sẻ chút niềm zui tui được nha,POSITIVE
chỉ xem vì có quang hải thôi,NEUTRAL
giới thiệu xàm g vs g là gói cước khác nhau còn cái bông thì loại sao đéo quảng cáo cũng là g mà cái m chỉ khong với cái m chỉ khong,NEGATIVE
sao càng xem càng thấy tự hào,POSITIVE
ah ơi của em thêm thanh toán bằng viettel telecom nhưng nó bảo fic lỗi không gửi được tin nhắn sms thì làm cách nào ạ ah giúp đỡ cho em với,NEGATIVE
duoc luôn nè cm a nha,POSITIVE
đúng là quân đội làm kinh tế nó khác,POSITIVE
cho tôi hỏi điện thoại sony đang dùng là mẫu gì vậy ạ,NEUTRAL
peru là ở châu âu hả bạn,NEUTRAL
không g tin nhắn sản không được,NEGATIVE
s em làm như anh mà khong có nhận duoc v ạ,NEGATIVE
cần lắm link anh đẹp trai này,POSITIVE
chậm hơn cả g vina,NEGATIVE
peru ở tại nam mỹ bạn ạ chứ không phải châu âu bạn nên kiểm chứng kiến thức địa lý của mình nha,NEGATIVE
cái kênh này nó còn chưa biết peru ở châu lục nào lạy chúa,NEGATIVE
cần lắp xin báo giá,NEUTRAL
ô thành công r nek,POSITIVE
trông cũng bình thường,NEUTRAL
app vẫn lỗi hay sao ấy chứ có quét được đâu,NEGATIVE
g inh mà anh,NEUTRAL
cảm ơn anh đẹp trai nha e đk thành công òi,POSITIVE
thank anh có anh mới có g,POSITIVE
viettel rất hợp túi tiền và khong lợi dụng tăng tiền vô lý như tư duy tư bản đó là điều khác biệt,POSITIVE
em làm lần mới duoc cảm ơn nha anh zai,POSITIVE
mong việt nam có nhiều tập đoàn nội địa phát triển như viettel vingroup fpt masan vinamilk hòa phát hoa sen v v,POSITIVE
rất là ủng hộ viettel tôi là người hệ sinh thái viettel tôi khong có ý gì nhưng tôi khong thể chấp nhận duoc lần làm việc với mobi và vina thái độ rất trịnh thượng khong cần khách xin thưa là em cũng m éo cần anh chị,POSITIVE
ui nhìn như cái gi khong biết thương hiệu viettel cũ là tầm cao rồi bây giờ nhìn cái này mất luôn giá trị của nó cứ chờ xem,NEGATIVE
thấy quang hải nên vào xem thích quang hải,POSITIVE
quảng cáo chất ngắn nhưng mà hiểu duoc,POSITIVE
viettel dịch vụ chăm sóc khách hàng kém sự cố gì thì cả tuần không thấy đâu,NEGATIVE
hi ch ak,NEUTRAL 
đấy là ng chưa đăng kí gì của viettel ra ngoài viettel thì khong đăng ký nhé,NEUTRAL
đen quá tôi khong duoc,NEGATIVE
không được anh ơi,NEGATIVE
hết tháng mik đk lại khong duoc hay sao ý,NEGATIVE
tự hào là cbcnv tập đoàn công nghiệp viễn thông quân đội viettel hungdq,POSITIVE
sao sim em khong dk duoc gói umaxn vậy anh,NEGATIVE
xem vì bích phương,NEUTRAL
năm r jo ms xem video lm thử khong nổi,NEGATIVE
đợt đấy e duoc tặng luôn chứ khong phải e nhắn tin,NEUTRAL
nhìn anh hải nhảy dễ thương quá,POSITIVE
tự nhiên thấy bạn hải nên vào coi nhảy dth quá,POSITIVE
đen như anh luôn,NEGATIVE
mimaxg ngon rẻ,POSITIVE
thế có cần soạn huy stg khong v ad,NEUTRAL
mình đen quá,NEGATIVE
theo tôi vnpt phục vụ khách hàng tốt thiết bị giờ cũng tốt hơn rất nhiều so với ngày xưa,POSITIVE
vt nên tham khảo các nhà ngôn ngữ học,NEGATIVE
mạng g của viettel tốc độ cao gb mỗi tháng,POSITIVE
ờ tôi tới đây để nghe nhạc,NEUTRAL
no nhu bom hat nhan khong biet no an phai cai gi phan bo hay cut cho ma to mom the,NEGATIVE
thank anh đẹp trai,POSITIVE
lâu lắm rồi sao viettel khong đầu tư thêm vào những nước khác nữa nhỉ,ERROR
wifi viettel buổi tối siêu lag còn giờ lag cả ngày luôn,NEGATIVE
vt hay fpt chán bỏ mẹ tóm lại là gói cước bình dân thì đa số người dùng hơn cả nhà mạng này hay dở chứng như nhau năm tháng thì có tới tháng báo đứt cáp tốt nhất là cứ vnpt mà dùng tuy nhiều lúc không nhanh bằng nhà mạng kia nhưng được cái rất ổn định mình dùng fpt đầu tiên được năm sau đó thấy nản gọi viettell nhưng nhà mạng này cũng không hơn nhà mạng kia lỡ giao tiền trước mua năm liền nên dùng được tháng đành bán rẻ cho hàng xóm chuyển cả dây cả cổng sang cho hàng xóm dùng giờ dùng vnpt cũng gần năm chả thấy vấn đề gì ngày tết con cháu về đông mười mấy cais điện thoại của tụi nhỏ ti vi mấy con máy tính cả để bàn lẫn laptop mà vào mạng chơi game ngon lành mấy mạng kia mà thế chắc khóc thành tiếng khỉ,POSITIVE
phút khong hiểu sao tôi nổi hết da gà,POSITIVE
cho e hỏi số thuê bao không tám sáu sáu không tám ba hai chín ba đăng kí được gói mạng nào ạ,NEUTRAL
sao không thấy việt theo làm như thế ở việt nam nhỉ,NEGATIVE
e thấy cái là cái phổ biến dễ dùng mà,NEUTRAL
coi quang cao nay la me,POSITIVE
mua ở đâu thế kết nối làm sao,NEUTRAL
em được rồi,POSITIVE
iu quang hải nhiều,POSITIVE
đăng kí như thế có miễn phí thật khong mn,NEUTRAL
trước đây vn có tên xạo kê phạm nhật vường giàu hơn elon musk bây giờ có viettel thông minh hơn elon musk cộng sản vn là sư tổ của những tên láo và mị dân,NEGATIVE
đang sài vnpt cũng khỏe giờ đang lắp wf viettel coi có mạnh khong,NEUTRAL
g khong viết hoa kìa,NEUTRAL
tui xài mobi,NEUTRAL
fpt là phế nhất,ERROR
nể viettel thực sự làm toàn việc không tưởng và thành công,POSITIVE
sim chính thì khong duoc sim phụ cái nào cũng duoc kaka,POSITIVE
đăng ký không thành công ct không áp dụng cho tb của quý khách để biết thông tin các ưu đãi khác vui lòng bấm gọi chi tiết lh đ trân trọng,NEGATIVE
cứ rẻ là mình dùng thôi,POSITIVE
mình thích dùng g thôi cần gì biết rẻ hơn khong,POSITIVE
toi được lâu rồi từ tháng đến,POSITIVE
video uy tín nha sẽ tui đi giới thiệu vs người nhà đây tks ad,POSITIVE
chuẩn khong vậy,NEUTRAL
vô đây xem vì có quang hải,NEUTRAL
ra được gói mimax là tốt rồi có tiến bộ đó,POSITIVE
em dùng mobifone anh ơi,NEUTRAL
chiến lược từ những ngày đầu của viettel là nông thôn bao vây thành thị rất thành công vì vậy không khó nhận ra họ đang áp dụng trên toàn cầu tại các quốc gia mà họ đầu tư,POSITIVE
giờ viettel làm game a nữa là đẹp,POSITIVE
anh phải dùng xim,NEUTRAL
sao cái gói khong có khong mà không thanh toán được nhỉ nó cứ bảo là không đủ,NEGATIVE
fpt chán lắm,NEGATIVE
số thuê bao không ba tám tư tám ba một năm một năm chỉ dùng để nhắn tin tra gg thì dùng gói cước nào rẻ ạ em là sinh viên,NEUTRAL
tôi đang muốn lắp mạng xin lời khuyên của các bác nên lắp mạng nào,NEUTRAL
sai cac gi,NEGATIVE
cho em hỏi là nếu thêu bao không được tham gia chương trình thì làm sao ạ,NEUTRAL
tôi đi làm công ty là đối tác của viettel mới biết viettel khủng tới cỡ nào,POSITIVE
giờ g còn rẻ hơn cả g rồi,POSITIVE
cho em hỏi sim không ba tám sáu hai năm bảy một tám tám thuê bao của em có đăng ký gói umaxn duoc kh ạ,NEUTRAL
cảm ơn a,POSITIVE
viettel họ cx bắt đầu sang lĩnh vực bán dẫn,POSITIVE
yeah làm duoc rồi,POSITIVE
hồi trước mình đi lính sim mình dùng gói economy đối với gói economy có cú pháp n số ngày gia hạn ngày đ vd n gửi tức là mình gia hạn x ngày đ năm đi lính ra quân mình về sử dụng bình thường khong cách này nhanh hơi tốn tiền,POSITIVE
lấy nông thôn bao vay thành thị chiến lược định hình viettel,POSITIVE
e khong thành công,NEGATIVE
tui sài gói này hồi năm ngoái r h khong duoc nữa,NEGATIVE
