text,url,platform
Bớt nổ một chút sẽ tốt hơn !,https://youtu.be/geH9MlJ85MA,YouTube
cười chết với con cháu nhà chú Cuội ...haha,https://youtu.be/geH9MlJ85MA,YouTube
"Ông chủ kênh ơi ! Ông có khả năng đó , ông uống thuốc chưa ?",https://youtu.be/geH9MlJ85MA,YouTube
Ảo đá,https://youtu.be/geH9MlJ85MA,YouTube
"Ảo tưởng đến thế đã là cùng chưa? Nhưng thôi, làm gì còn ai ảo tưởng hơn người kinh đâu.",https://youtu.be/geH9MlJ85MA,YouTube
"NO NHU BOM HAT NHAN , KHONG BIET NO AN PHAI CAI GI, PHAN BO HAY CUT CHO MA TO MOM THE",https://youtu.be/geH9MlJ85MA,YouTube
Vn nổ qua,https://youtu.be/geH9MlJ85MA,YouTube
"Bình tĩnh ,",https://youtu.be/geH9MlJ85MA,YouTube
Xàm,https://youtu.be/geH9MlJ85MA,YouTube
Việt Nam thắng Mỹ,https://youtu.be/geH9MlJ85MA,YouTube
Trước đây VN có tên xạo kê Phạm Nhật Vường giàu hơn Elon Musk. Bây giờ có Viettel  thông minh hơn Elon Musk. Cộng sản VN là sư tổ của những tên láo và mị dân!,https://youtu.be/geH9MlJ85MA,YouTube
Viettel làm máy chơi game đi ạ  Hoặc làm kính thông minh giống như google glasses x Samsung (2026),https://youtu.be/08g0V5AuzEM,YouTube
Con thú bông đó xinh quá vậy,https://youtu.be/08g0V5AuzEM,YouTube
Chính vì truyền thông kém quá nên cứ nghĩ cái gì cũng do TQ sản xuất,https://youtu.be/08g0V5AuzEM,YouTube
Quá đỉnh. Mong sắp tới sẽ có công ty game Viettel,https://youtu.be/08g0V5AuzEM,YouTube
Tự hào quá Viettel ơi,https://youtu.be/08g0V5AuzEM,YouTube
Cô gái cưỡi trên máy bay nhìn thú vị nhỉ  !!,https://youtu.be/08g0V5AuzEM,YouTube
Mong Viettel xây dựng một kênh YouTube như của nước ngoài để kiểm duyệt tốt hơn,https://youtu.be/08g0V5AuzEM,YouTube
Viettel quá đỉnh 🫡️,https://youtu.be/08g0V5AuzEM,YouTube
"ùm thì cái JD để vào Viettel khủng hoảng kinh dị. Trước còn thấy tuyển người ngành động cơ phản lực, xử lý và thiết kế rada, công nghệ tàn hình, ... Toàn là tinh hoa đất Việt vào đấy.",https://youtu.be/08g0V5AuzEM,YouTube
Truyền thông Việt Nam lên truyền thông nhiều hơn để người dân được biết,https://youtu.be/08g0V5AuzEM,YouTube
Vsmart và Bphone còn sống đến giờ chắc 2 hãng đang thử làm điện thoại chip việt,https://youtu.be/08g0V5AuzEM,YouTube
"Đúng là đồ của quân đội hơn hẳn fpt 1 bậc:)))). Fpt toàn chém gió còn ông viettel này cứ im im mà làm thôi. Không làm được thì không nói, ai như ông fpt nổ banh trời",https://youtu.be/08g0V5AuzEM,YouTube
Truyền thống bộ đội cụ Hồ.,https://youtu.be/08g0V5AuzEM,YouTube
làm gì thì làm đừng để họ hacker vào camera là dc,https://youtu.be/08g0V5AuzEM,YouTube
giờ Viettel làm game AAA nữa là đẹp,https://youtu.be/08g0V5AuzEM,YouTube
"2:42 Mấy cái thg bảo vn ko sản xuất được vít ấy , mở max loa lên mà nghe. VN cũng làm chủ đc công nghệ nhé , đây là năm 2026 rồi , có phải thời bao cấp đâu",https://youtu.be/08g0V5AuzEM,YouTube
kêu dẹp sim rác không được thì cứ identified mãi à,https://youtu.be/08g0V5AuzEM,YouTube
viettel nhiều người tài nhỉ :)),https://youtu.be/08g0V5AuzEM,YouTube
T chỉ muốn góp ý là ông Ngọc nên thoa cái kem dưỡng môi vào,https://youtu.be/08g0V5AuzEM,YouTube
Hãy làm ra thứ gì giúp con nguòi khai sáng tinh thần bảo vệ môi trường ấy......xả rác vô tội vạ ....bất cứ thứ gì cũng cho vô thùng rác đc....máy nào phân loại cho nỗi...ể cả người....,https://youtu.be/08g0V5AuzEM,YouTube
"Tôi cần viettel bán con gấu bông, alo Shop ơi =))",https://youtu.be/08g0V5AuzEM,YouTube
Chừng nào Viettel ra mắt điện thoại thông minh nhỉ.Ôi mong chờ từ Viettel,https://youtu.be/08g0V5AuzEM,YouTube
Nhìn vào hàng hóa công nghệ của châu âu vẫn okay hơn,https://youtu.be/08g0V5AuzEM,YouTube
Sản phẩm công nghệ của cty Quốc phòng  liệu có vào được USA hay bị cấm như anh láng giềng,https://youtu.be/08g0V5AuzEM,YouTube
Tàu sử dụng 6g 7g rồi vn 4g top 1 còn 5g tuỳ tp và xã mới dùng được,https://youtu.be/08g0V5AuzEM,YouTube
Lại tự sướng có khi lại nhập của tq rồi gắn mác vn,https://youtu.be/08g0V5AuzEM,YouTube
"Đến đại hội công nghệ thế giới vẫn phảng phất thói quen cũ là T..u.y.e..n..T..r..u..y..e..n ::)) Còn công nghệ thật sự là của ai thì khó nói lắm ((:: đến giờ ốc vít vẫn còn gia công mà, đầu bút bi vẫn phải nhập đấy thôi. Có một hãng xe ""nào đó"" mang thương hiệu Việt mới nổi lên mấy năm nay, quảng bá hoành tráng lắm, tự hào...balabla nhưng khi truy vết công nghệ thì đường dẫn lại về chỗ ""pháp sư"". Phải bình tĩnh, phải từ từ nhìn trước ngó sau xem là chân hay ngụy rồi tự sướng, tự hào gì gì cũng chưa muộn. Chứ vội vàng thì dễ bẽ bàng lắm đấy!",https://youtu.be/08g0V5AuzEM,YouTube
Các bạn bấm like video nếu thấy hay và hữu ích,https://youtu.be/J1V9sI7lFPk,YouTube
cảm ơn anh nhaa,https://youtu.be/J1V9sI7lFPk,YouTube
Cảm ơn bạn,https://youtu.be/J1V9sI7lFPk,YouTube
giờ không thanh toán được nưax,https://youtu.be/J1V9sI7lFPk,YouTube
Không thấy phương thức thanh toán,https://youtu.be/J1V9sI7lFPk,YouTube
Chỉ em với,https://youtu.be/J1V9sI7lFPk,YouTube
Hey,https://youtu.be/J1V9sI7lFPk,YouTube
a ơi muốn thay đổi tk email để mua thì làm ntn ạ,https://youtu.be/J1V9sI7lFPk,YouTube
"Sim không khả dụng, vẫn nhận dữ liệu nhưng thanh toán không được ạ, bấm theo phương thức của bạn mà vẫn để xóa chứ không để nhận!",https://youtu.be/J1V9sI7lFPk,YouTube
H xóa telecom rồi t chua có tk mua qh kiểu j,https://youtu.be/J1V9sI7lFPk,YouTube
Sao làm ik sì mà ko có số,https://youtu.be/J1V9sI7lFPk,YouTube
Máy e ko có anh ơi,https://youtu.be/J1V9sI7lFPk,YouTube
Giới hạn mua r anh ko mua đc nữa,https://youtu.be/J1V9sI7lFPk,YouTube
Vô hiệu hóa thì sao ạ,https://youtu.be/J1V9sI7lFPk,YouTube
Sao mình tạo xong lại kh có sđt ở đuôi nhỉ,https://youtu.be/J1V9sI7lFPk,YouTube
Anh ơi đt của em gắn sim r mà sao ko hiện phương thức thanh toán Viettel telecom v ạ ( đt em dùng sim Việt nam ạ),https://youtu.be/J1V9sI7lFPk,YouTube
bị vô hiệu hóa thì làm sao à Anh,https://youtu.be/J1V9sI7lFPk,YouTube
Bên e nó bảo vô hiệu r làm sao a,https://youtu.be/J1V9sI7lFPk,YouTube
"Ủa mình k có sim mà có vietheo telecome nè thanh toán thành công luôn,thì nó trừ vào đâu",https://youtu.be/J1V9sI7lFPk,YouTube
Mã bưu điện là sao vậy ad,https://youtu.be/J1V9sI7lFPk,YouTube
Ah ơi của em  thêm thanh toán bằng Viettel telecom nhưng nó bảo fic lỗi không gửi được tin nhắn sms thì làm cách nào ạ ah giúp đỡ cho em với,https://youtu.be/J1V9sI7lFPk,YouTube
Sao mình ko đc,https://youtu.be/J1V9sI7lFPk,YouTube
0 hiện lấy gì bấm  chán,https://youtu.be/J1V9sI7lFPk,YouTube
Ứng dụng nước ngoài nó bảo k có ở quốc gia mình thì làm sao,https://youtu.be/J1V9sI7lFPk,YouTube
Bị lỗi thì sao ạ?,https://youtu.be/J1V9sI7lFPk,YouTube
Của em ko hiện mục phương thức thanh toán Viettel telecom thì làm sao ạ,https://youtu.be/J1V9sI7lFPk,YouTube
Lỡ xóa r sao ah,https://youtu.be/J1V9sI7lFPk,YouTube
Bị lõi rồi anh ơi,https://youtu.be/J1V9sI7lFPk,YouTube
Sao làm được bạn,https://youtu.be/J1V9sI7lFPk,YouTube
Nếu mik 2 sim thì lấy tài khoản sim cx nạp đc đko,https://youtu.be/J1V9sI7lFPk,YouTube
Đt thoại mik kêu là bị vô hiêu hóa phải lm sao,https://youtu.be/J1V9sI7lFPk,YouTube
Bị vô hiệu thì làm sao vậy ah,https://youtu.be/J1V9sI7lFPk,YouTube
Giờ k cho thanh toán nữa,https://youtu.be/J1V9sI7lFPk,YouTube
Sao của mình lại hiên xác minh mãi mà không được nhỉ,https://youtu.be/J1V9sI7lFPk,YouTube
Của ek ko có phương thức thanh toán thì làm sao,https://youtu.be/J1V9sI7lFPk,YouTube
Nó ra mã bưu điện là s anh,https://youtu.be/J1V9sI7lFPk,YouTube
dùng Viettel Telecom nó để bị vô hiệu  là s ạ,https://youtu.be/J1V9sI7lFPk,YouTube
Sao cái gói 250k có 300k mà không thanh toán được nhỉ nó cứ bảo là không đủ,https://youtu.be/J1V9sI7lFPk,YouTube
Bị vô hiệu làm sao a,https://youtu.be/J1V9sI7lFPk,YouTube
Tiền bị trừ vào tài khoản hả a oii,https://youtu.be/J1V9sI7lFPk,YouTube
Rồi nó trừ tiền vào đâu ạ,https://youtu.be/J1V9sI7lFPk,YouTube
Vậy khi thanh toán chỉ cần nạp tiền vào điện thoại đúng ko ạ,https://youtu.be/J1V9sI7lFPk,YouTube
Của em nó hiện lên nhập mã bưu điện lsao a,https://youtu.be/J1V9sI7lFPk,YouTube
Tk của em dư tiền mua 1 gói 200k mà sao nó để số dư k đủ ạ ( gói nào cũng k mua đc kể cả gói rẻ hơn ) mong anh chỉ e vơi ạ,https://youtu.be/J1V9sI7lFPk,YouTube
Bị lỗi vùng sao anh,https://youtu.be/J1V9sI7lFPk,YouTube
Nó bắt xác minh anhhhh ơi,https://youtu.be/J1V9sI7lFPk,YouTube
Viettel telecom là nó trừ tiên trong sim mình phải không anh,https://youtu.be/J1V9sI7lFPk,YouTube
Em bị vô hiệu hóa là bị gì v anh,https://youtu.be/J1V9sI7lFPk,YouTube
Cho em xin hỏi cái này nạp thẻ  cào xong r bỏ trống sim xong nạp game phải ko,https://youtu.be/J1V9sI7lFPk,YouTube
Thanh toán xong tiền trừ vào đâu??,https://youtu.be/J1V9sI7lFPk,YouTube
"Muốn thanh toán mà thấy phương thức thanh toán telecom hiện là ""không có"". Mà hơn nữa là thẻ VIB cũng bị lỗi là ""không có"" nữa ! Tức thật.",https://youtu.be/J1V9sI7lFPk,YouTube
"Ủa ý là mình dc free hả a,hay mik dg nợ",https://youtu.be/J1V9sI7lFPk,YouTube
Cảm ơn a,https://youtu.be/J1V9sI7lFPk,YouTube
Mua ròi có bị trừ tiền tiếp hog ah,https://youtu.be/J1V9sI7lFPk,YouTube
Của e không có thêm phương thức thanh toán bằng viettel telecom,https://youtu.be/J1V9sI7lFPk,YouTube
A ơi cho e hỏi là tại sao khi e nạp vào sđt của e 125k mà e mua đơn 123k nó lại bảo tk k đủ v ạ,https://youtu.be/J1V9sI7lFPk,YouTube
Thanh toán rồi nó tốn tiền ở số đt hả ah,https://youtu.be/J1V9sI7lFPk,YouTube
Mất thêm phí 10k à,https://youtu.be/J1V9sI7lFPk,YouTube
ah cho em hỏi là khi mình muốn nạp game hay mua một cái gì đó là nó sẽ trừ tiền có trong sim của mình hay là nó trừ tiền có trong thẻ ngân hàng của mình vậy ạ mong anh giải đáp,https://youtu.be/J1V9sI7lFPk,YouTube
Nó trừ vô sin  à bạn,https://youtu.be/J1V9sI7lFPk,YouTube
"Ủa a ơi,cho e hỏi là có thể áp dụng bên Vietnamobile đc ko a hay áp dụng mỗi Viettel thôi",https://youtu.be/J1V9sI7lFPk,YouTube
"Mã bưu điện là sao ạ , giải đáp giúp em với",https://youtu.be/J1V9sI7lFPk,YouTube
Bị lỗi rồi sao anh ơi.. cách khắc phục sao a,https://youtu.be/J1V9sI7lFPk,YouTube
"cho mình hỏi là khi mình chơi game muốn mua gamepass và thanh toán bằng viettel telecom vậy số tiền nó trừ là số tiền trong điện thoại mình đk bn, mình có 149 nghìn card Viettel trong tài khoảng vậy là nó trừ số tiền này đk bn",https://youtu.be/J1V9sI7lFPk,YouTube
A Di Đà Phật,https://youtu.be/J1V9sI7lFPk,YouTube
Anh ơi của em không được bật rồi mà nó kêu lỗi,https://youtu.be/J1V9sI7lFPk,YouTube
đang lướt thấy nó đề xuất tưởng video mới nhưng chợt nhận ra nó đã từ 2 năm trước r:)),https://youtu.be/uN1FxJXJgGY,YouTube
Tự dưng có 4G dùng đến Tết,https://youtu.be/uN1FxJXJgGY,YouTube
Ui hôm nay anh đẹp zai thế em đăng kí thành công rồi nhé cảm ơn anh nhiều,https://youtu.be/uN1FxJXJgGY,YouTube
"Em cũng dc rồi này, em cám ơn anh
Anh đúng là reviewer có tâm",https://youtu.be/uN1FxJXJgGY,YouTube
Tôi rất vui khi lướt được video này nhưng tôi chợt nhận ra video này được ra từ 2 năm trước:(((,https://youtu.be/uN1FxJXJgGY,YouTube
Má e đăng ký thành công r. Hên vãi . Mãi yêu,https://youtu.be/uN1FxJXJgGY,YouTube
Hên quá ăn dc r. Cảm ơn anh dz,https://youtu.be/uN1FxJXJgGY,YouTube
Hk đc,https://youtu.be/uN1FxJXJgGY,YouTube
"Uầy, trước dùng cái sim Viettel với cái đt cùi bắp giờ qua vina thấy video này nhưng nhận ra là 2 năm trước:))",https://youtu.be/uN1FxJXJgGY,YouTube
Anh mãi đỉnh,https://youtu.be/uN1FxJXJgGY,YouTube
"2 sim đều thành công cảm ơn anh nhìu lắm(nay anh đẹp troai nhứt nách <("") )",https://youtu.be/uN1FxJXJgGY,YouTube
Uầy đc rồi hâhh thanks anh zai nhiều nha tự dưng có 4g dùng,https://youtu.be/uN1FxJXJgGY,YouTube
Á fail rồi vào hội fail với a luôn :))),https://youtu.be/uN1FxJXJgGY,YouTube
đã thử và thành công cảm ơn anh nhiều,https://youtu.be/uN1FxJXJgGY,YouTube
ui cảm ơn anh nha hihi tự nhiên đag hết tiền có 4g:)))),https://youtu.be/uN1FxJXJgGY,YouTube
Clm đen như cko 2 sim k trúng,https://youtu.be/uN1FxJXJgGY,YouTube
"tin chuẩn nha, nhưng hên xui",https://youtu.be/uN1FxJXJgGY,YouTube
Bỗng hôm nay ah chuyền hết sự may mắn cho em :)),https://youtu.be/uN1FxJXJgGY,YouTube
Chia sẻ chút niềm zui tui được nha,https://youtu.be/uN1FxJXJgGY,YouTube
Em đã làm được thank anh nha,https://youtu.be/uN1FxJXJgGY,YouTube
Vilaphone kiẻu:thất vọng:)),https://youtu.be/uN1FxJXJgGY,YouTube
đúng lúc hết mạng em cảm ơn anh nhiều nhá a đẹp trai,https://youtu.be/uN1FxJXJgGY,YouTube
em làm đc rồi cảm ơn anh nha,https://youtu.be/uN1FxJXJgGY,YouTube
Cảm ơn anh em nhận đc 60G trong 3 tháng ạ,https://youtu.be/uN1FxJXJgGY,YouTube
cảm ơn a,https://youtu.be/uN1FxJXJgGY,YouTube
Mở lại video của Huấn và coi cho đỡ tức khi làm không thành công .,https://youtu.be/uN1FxJXJgGY,YouTube
"Đã thử và thành công, thank ae nhé",https://youtu.be/uN1FxJXJgGY,YouTube
"A bắt tay với e tí :))) 
Tạch luôn",https://youtu.be/uN1FxJXJgGY,YouTube
Cảm ơn ông anh nhé tự nhiên có 4g free,https://youtu.be/uN1FxJXJgGY,YouTube
Viettel ở Đà Nẵng thì như hạch có cho cũng không dùng,https://youtu.be/uN1FxJXJgGY,YouTube
Uầy cảm ơn anh nha,https://youtu.be/uN1FxJXJgGY,YouTube
May quá thế này thì sống sót qua thời gian đứt cáp quang rồi,https://youtu.be/uN1FxJXJgGY,YouTube
Uy tín quá em cảm ơn anh,https://youtu.be/uN1FxJXJgGY,YouTube
Video uy tín nha sẽ. Tui đi giới thiệu vs người nhà đây=)) TKS ad,https://youtu.be/uN1FxJXJgGY,YouTube
"Em đăng ký đc luôn này, cảm ơn a nhá",https://youtu.be/uN1FxJXJgGY,YouTube
"thankiu chú đẹp zai cháu may mắn hơn chú rồi cháu cảm ơn chú 

1k tiền thử vận may",https://youtu.be/uN1FxJXJgGY,YouTube
Vừa xem xong làm phát dc luôn. cảm ơn a nha,https://youtu.be/uN1FxJXJgGY,YouTube
Ae Sài sim  đăg kí cccd dưới 24 tuổi là dc hết nha mn )),https://youtu.be/uN1FxJXJgGY,YouTube
Bạn ơi mình mình lắp mạng Minh mai rồi nhưng mà mạng mạng bình mạng bị Na nhà mình nó bị kém lắm mật khẩu wi-fi là 1202 2013,https://youtu.be/uN1FxJXJgGY,YouTube
Thank anh,https://youtu.be/uN1FxJXJgGY,YouTube
"Ae thử chưa, mình thử đã thành công roiy",https://youtu.be/uN1FxJXJgGY,YouTube
Ui thank anh nhiều lắm,https://youtu.be/uN1FxJXJgGY,YouTube
Cảm mơn anh,https://youtu.be/uN1FxJXJgGY,YouTube
Bỗng dưng thấy a đẹp zai hơn hẳn,https://youtu.be/uN1FxJXJgGY,YouTube
Tự nhiên anh đẹp trai quá em thành công rồi cảm ơn anh,https://youtu.be/uN1FxJXJgGY,YouTube
"Tôi rất vui vì bạn đã chỉ nhưng nó đã quá 2 năm rồi :,)",https://youtu.be/uN1FxJXJgGY,YouTube
Của mình đăng ký được này.ngon,https://youtu.be/uN1FxJXJgGY,YouTube
Cám ơn a e đăng kí thành công r,https://youtu.be/uN1FxJXJgGY,YouTube
yeah làm đc rồi,https://youtu.be/uN1FxJXJgGY,YouTube
ôi dồi ôi em cảm ơn anh nhiều nha em đăng ký thành công rồi ạ  rất rất cảm ơn anh,https://youtu.be/uN1FxJXJgGY,YouTube
Đen như mình thì cũng k sao vì toàn dùng wifi,https://youtu.be/uN1FxJXJgGY,YouTube
"Oke la, dc luôn. Cám ơn nhé",https://youtu.be/uN1FxJXJgGY,YouTube
Vãi có ae chửi ổng rồi kêu xui mà ko biết rằng vid up 2022,https://youtu.be/uN1FxJXJgGY,YouTube
Uầy cảm ơn anh nhá sim 1 em ko được sim2 đc luôn quá ngon,https://youtu.be/uN1FxJXJgGY,YouTube
Cảm ơn anh zai nhiều nha,https://youtu.be/uN1FxJXJgGY,YouTube
Thành công rồi cảm ơn anh nha,https://youtu.be/uN1FxJXJgGY,YouTube
Báo là Đăng kí thàng công nhưng là cho cước thoại,https://youtu.be/uN1FxJXJgGY,YouTube
Ơ được nè hâhhah đang hết tiền thì lại dc free,https://youtu.be/uN1FxJXJgGY,YouTube
"Hê hê nay thấy quý anh ghê , em đăng kí thành công",https://youtu.be/uN1FxJXJgGY,YouTube
"Uầy được nè , cảm ơn rất nhiều <3",https://youtu.be/uN1FxJXJgGY,YouTube
em đăng ký thành công rồi cảm ơn anh nha,https://youtu.be/uN1FxJXJgGY,YouTube
"Thách anh tìm được điện thoại hai con chip,câu này khó",https://youtu.be/uN1FxJXJgGY,YouTube
Em đăng ký dc rồi cảm ơn anh nha,https://youtu.be/uN1FxJXJgGY,YouTube
Em soạn rồi cũng bị như vậy luôn,https://youtu.be/uN1FxJXJgGY,YouTube
"em làm 3 lần mới đc, cảm ơn nha anh zai",https://youtu.be/uN1FxJXJgGY,YouTube
"Thành công luôn!!!
Ông bà gánh còng lưng",https://youtu.be/uN1FxJXJgGY,YouTube
thử vận may 4 sim đc luôn 4 lần lun hên ghê,https://youtu.be/uN1FxJXJgGY,YouTube
"Em đc r này , c.ơn anh trai nha",https://youtu.be/uN1FxJXJgGY,YouTube
ô mai gót em đk thành công r =))). tự nhiên hôm nay thấy anh quá đz,https://youtu.be/uN1FxJXJgGY,YouTube
Em đăng ký thành công nè,https://youtu.be/uN1FxJXJgGY,YouTube
Được thật này cảm ơn anh,https://youtu.be/uN1FxJXJgGY,YouTube
Cảm ơn anh,https://youtu.be/uN1FxJXJgGY,YouTube
Ok cảm ơn nha,https://youtu.be/uN1FxJXJgGY,YouTube
Ô em đk đc thật này  cảm ơn a nha,https://youtu.be/uN1FxJXJgGY,YouTube
Đã được cảm ơn anh,https://youtu.be/uN1FxJXJgGY,YouTube
"Sim chính thì ko đc
sim phụ cái nào cũng đc kaka",https://youtu.be/uN1FxJXJgGY,YouTube
Ơ sao mk lại là ko phải may mắn mà là quý khác ko đc tham gia chương trình nhỉ,https://youtu.be/uN1FxJXJgGY,YouTube
Cảm ơn anh zai đã đăng ký đc r,https://youtu.be/uN1FxJXJgGY,YouTube
Em đăng ký được lâu rồi,https://youtu.be/uN1FxJXJgGY,YouTube
Định làm thử cái vô đọc cmt thấy 2 năm trước :)),https://youtu.be/uN1FxJXJgGY,YouTube
Không được anh ơi,https://youtu.be/uN1FxJXJgGY,YouTube
Cảm ơn anh nhiều,https://youtu.be/uN1FxJXJgGY,YouTube
Ye mình dùng đc 90 ngày,https://youtu.be/uN1FxJXJgGY,YouTube
được nè em cảm ơn anh,https://youtu.be/uN1FxJXJgGY,YouTube
Sim đk trả trước thì đc còn trả sau thì ko đc,https://youtu.be/uN1FxJXJgGY,YouTube
Đc r anh ơi c.ơn anh hì hì:)),https://youtu.be/uN1FxJXJgGY,YouTube
em đợt nọ đc 3umax4G vô hạn ngon hơn cái này,https://youtu.be/uN1FxJXJgGY,YouTube
Đen vaiz l,https://youtu.be/uN1FxJXJgGY,YouTube
"E đc luôn, cảm ơn a nhiều ạ",https://youtu.be/uN1FxJXJgGY,YouTube
Cảm ơn a nhiều lém,https://youtu.be/uN1FxJXJgGY,YouTube
"hôm nay nhìn anh đẹp trai ghê 
khi nào hết mạng thì hết đẹp trai",https://youtu.be/uN1FxJXJgGY,YouTube
tui có 4g no cần làm gì bây giờ vỡn còn nè,https://youtu.be/uN1FxJXJgGY,YouTube
Ôi hôm nay anh đẹp trai thế đẹp như anh thì chỉ có gái theo thôi:),https://youtu.be/uN1FxJXJgGY,YouTube
Cảm ơn nhé,https://youtu.be/uN1FxJXJgGY,YouTube
E đăng kí thành công anh ơi:))),https://youtu.be/uN1FxJXJgGY,YouTube
Xui quá em bị vậy luôn,https://youtu.be/uN1FxJXJgGY,YouTube
"ok Đấi Anh ,Bỗng Dưng Lại Không Còn Tốn $",https://youtu.be/uN1FxJXJgGY,YouTube
Tôi chúng rồi yeas,https://youtu.be/uN1FxJXJgGY,YouTube
Thank a nhé . em làm được ròii,https://youtu.be/uN1FxJXJgGY,YouTube
"sim 1 ko đc may cái sim 2 mua để đăng kí mã hs đc, cảm ơn a nhiều lắm",https://youtu.be/uN1FxJXJgGY,YouTube
2g em k đủ xài,https://youtu.be/uN1FxJXJgGY,YouTube
Đăng video được 2 năm rồi đề xuất lại tưởng video mới,https://youtu.be/uN1FxJXJgGY,YouTube
Không 4g tin nhắn sản không được,https://youtu.be/uN1FxJXJgGY,YouTube
Thank anh có anh mới có 4g :)))),https://youtu.be/uN1FxJXJgGY,YouTube
Em cũng đen,https://youtu.be/uN1FxJXJgGY,YouTube
Mình đen quá,https://youtu.be/uN1FxJXJgGY,YouTube
Em cảm ơn,https://youtu.be/uN1FxJXJgGY,YouTube
"Úi e đc r nè a, thanks a nhá",https://youtu.be/uN1FxJXJgGY,YouTube
"đc thật này ae, sim càng lâu năm càng tốt",https://youtu.be/uN1FxJXJgGY,YouTube
ui rất cảm ơn anh dz nha,https://youtu.be/uN1FxJXJgGY,YouTube
"Đăng kí đc, cảm ơn bạn",https://youtu.be/uN1FxJXJgGY,YouTube
Em đc ròi cảm ơn anh nha,https://youtu.be/uN1FxJXJgGY,YouTube
"Tại ông sài iphone, iphone nó nặng mùi lắm làm gì cũng xui, 2 con samsung tui đc hết nè",https://youtu.be/uN1FxJXJgGY,YouTube
Ông giống tôi rồi còn đúng cộng dây thun,https://youtu.be/uN1FxJXJgGY,YouTube
Em đen giống anh rồi:)),https://youtu.be/uN1FxJXJgGY,YouTube
"Em ko đc  lấy sim kia ra thử, VL cả 3 sim đều ko đc  chả lẽ chỉ hôm qua mới đc",https://youtu.be/uN1FxJXJgGY,YouTube
Em cũng thế,https://youtu.be/uN1FxJXJgGY,YouTube
Aaa đc nè cảm ơn anh nha,https://youtu.be/uN1FxJXJgGY,YouTube
Cảm ơn anh đẹp trai nha e đk thành công òi,https://youtu.be/uN1FxJXJgGY,YouTube
C.ơn anh nhìu,https://youtu.be/uN1FxJXJgGY,YouTube
cảm mơ anh zai nhiều,https://youtu.be/uN1FxJXJgGY,YouTube
Còn gói nào nữa ko shop,https://youtu.be/uN1FxJXJgGY,YouTube
Ae dùng Vinalines kiểu : ????,https://youtu.be/uN1FxJXJgGY,YouTube
Em đc ròi cám ơn anh nhoa,https://youtu.be/uN1FxJXJgGY,YouTube
Bổng dưng có mạng sài chai,https://youtu.be/uN1FxJXJgGY,YouTube
Nghe song ra làm thử phát lại được,https://youtu.be/uN1FxJXJgGY,YouTube
Tự nhiên thấy anh đẹp trai hẳn haha đc thật này,https://youtu.be/uN1FxJXJgGY,YouTube
Em đg kí thành công rồi ah,https://youtu.be/uN1FxJXJgGY,YouTube
Em đc rồi cảm ơn anh,https://youtu.be/uN1FxJXJgGY,YouTube
"Anh ơi, em chơi geshin impact mà ko bt kiên trì. Có cách nào tải tài nguyên nhanh ko anh",https://youtu.be/uN1FxJXJgGY,YouTube
Uầy đc anh ưi cảm ơn anh nhiều nha,https://youtu.be/uN1FxJXJgGY,YouTube
Ê thành công nè má,https://youtu.be/uN1FxJXJgGY,YouTube
Đen như anh với em️,https://youtu.be/uN1FxJXJgGY,YouTube
Cái này chỉ dành cho khách hàng dùng gói này mới được nghe bạn,https://youtu.be/uN1FxJXJgGY,YouTube
cảm ơn anh nha,https://youtu.be/uN1FxJXJgGY,YouTube
Thanks anh nhìu nhó e đc rồi️️️,https://youtu.be/uN1FxJXJgGY,YouTube
em làm đc rồi cảm ơn anh đẹp zai:)),https://youtu.be/uN1FxJXJgGY,YouTube
Đã làm và đã thành công:)),https://youtu.be/uN1FxJXJgGY,YouTube
Đã thành công,https://youtu.be/uN1FxJXJgGY,YouTube
E đăng kí đc nek mak sau mấy ngày hết data là sao vậy ah ơi,https://youtu.be/uN1FxJXJgGY,YouTube
Ui  em  cũng  đen  giống  anh,https://youtu.be/uN1FxJXJgGY,YouTube
Uầy lâu r mới thấy sony xpera,https://youtu.be/uN1FxJXJgGY,YouTube
hai sim đc hết luôn.h xài k bt lm s hết lun,https://youtu.be/uN1FxJXJgGY,YouTube
Em k. Đc buồn ghê,https://youtu.be/uN1FxJXJgGY,YouTube
E đăng ký thành công r,https://youtu.be/uN1FxJXJgGY,YouTube
Đã thử và thành công :)),https://youtu.be/uN1FxJXJgGY,YouTube
Hình như chỉ có mình thớt xui thôi,https://youtu.be/uN1FxJXJgGY,YouTube
Em cũng giống anh,https://youtu.be/uN1FxJXJgGY,YouTube
Cảm ơn anh đẹp zai e đk đc r,https://youtu.be/uN1FxJXJgGY,YouTube
Mình chỉ để ý cái Xperia XZ 1,https://youtu.be/uN1FxJXJgGY,YouTube
Tui sài gói này hồi năm ngoái r h ko đc nữa,https://youtu.be/uN1FxJXJgGY,YouTube
ui trời;)  em được free còn giới hạn xài được 70G DO MÁY HƯ CHỨ KO LÊN 100G RỒI,https://youtu.be/uN1FxJXJgGY,YouTube
Hay quá trời được luôn anh zai ơi,https://youtu.be/uN1FxJXJgGY,YouTube
"Cái này nó nâng 4g cho sim 3g, cskh nó tự gọi mà nhỉ",https://youtu.be/uN1FxJXJgGY,YouTube
Dúng là anh dep dai cod khác e dc lun e cảm ơn,https://youtu.be/uN1FxJXJgGY,YouTube
lúc trc là 3umax4g hoặc 6umax4g cơ,https://youtu.be/uN1FxJXJgGY,YouTube
em đc cảm ơn anh nha,https://youtu.be/uN1FxJXJgGY,YouTube
"ok t làm được nha,thử nếu muốn",https://youtu.be/uN1FxJXJgGY,YouTube
Giống mình,https://youtu.be/uN1FxJXJgGY,YouTube
Cho mình xin model của Sony trong short nha,https://youtu.be/uN1FxJXJgGY,YouTube
Em thành công nè anh,https://youtu.be/uN1FxJXJgGY,YouTube
"Sao mình dky thì nhận đc ""CT không áp dụng cho thuê bao""",https://youtu.be/uN1FxJXJgGY,YouTube
Em đc nhưng mất sim (:,https://youtu.be/uN1FxJXJgGY,YouTube
anh ơi bao h iphone mới có điện thoại gập,https://youtu.be/uN1FxJXJgGY,YouTube
Em làm xong. Bh hết tốc độ cao . Cứ như hết mạng ý ạ. Hk xem đc j nx,https://youtu.be/uN1FxJXJgGY,YouTube
"á đù , đăng ký chơi chơi tự nhiên được . tks ad",https://youtu.be/uN1FxJXJgGY,YouTube
Ê còn iphone thiếu chữ hoa la g hoặc G kìa,https://youtu.be/uN1FxJXJgGY,YouTube
sim trọn gói 14 tháng nên ko quan tâm,https://youtu.be/uN1FxJXJgGY,YouTube
Ổng xui z nhưg mà...giống t:))),https://youtu.be/uN1FxJXJgGY,YouTube
Mới test hồi chiều,https://youtu.be/uN1FxJXJgGY,YouTube
Tại vì anh không soạn chữ g hoa đấy :)),https://youtu.be/uN1FxJXJgGY,YouTube
Ôi a ơi e dc nè Thank anh nha,https://youtu.be/uN1FxJXJgGY,YouTube
anh ơi cứu em với em dùng iphone2 mà ko chơi được fai fai :))),https://youtu.be/uN1FxJXJgGY,YouTube
em đen như anh luôn còn đúng cái nịt,https://youtu.be/uN1FxJXJgGY,YouTube
"Ui tín nha ae, tôi 2 máy dc 1 :)",https://youtu.be/uN1FxJXJgGY,YouTube
aizzzz giá như 2 năm trước tôi xem đc cái này:)),https://youtu.be/uN1FxJXJgGY,YouTube
Toi được lâu rồi từ tháng 8 đến 10,https://youtu.be/uN1FxJXJgGY,YouTube
Chú ơi gửi xong tổng đài gửi tin nhắn tới rồi còn làm gì nữa ạ mong chú chỉ ạ,https://youtu.be/uN1FxJXJgGY,YouTube
đc nhưng bật lên k dùng đc vậy,https://youtu.be/uN1FxJXJgGY,YouTube
"Đen quá , tôi ko đc",https://youtu.be/uN1FxJXJgGY,YouTube
Mik có dây thun,https://youtu.be/uN1FxJXJgGY,YouTube
Non đi em 4g 2 năm,https://youtu.be/uN1FxJXJgGY,YouTube
"Uầy được thật này, sao anh hôm nay đẹp trai thế?",https://youtu.be/uN1FxJXJgGY,YouTube
Được luôn nè nay anh đẹp trai quá,https://youtu.be/uN1FxJXJgGY,YouTube
Kk. Húp mà có sim mobi 4g rồi. Hơi thừa thãi :)),https://youtu.be/uN1FxJXJgGY,YouTube
Em ko làm được anh,https://youtu.be/uN1FxJXJgGY,YouTube
Em dùng mobifone anh ơi,https://youtu.be/uN1FxJXJgGY,YouTube
"Mấy ông h mới biết à
Tôi biết từ 1thang trước",https://youtu.be/uN1FxJXJgGY,YouTube
Em dùng Mobi ạ,https://youtu.be/uN1FxJXJgGY,YouTube
Mình đc tặng 6 tháng dùng 4G miễn phí đây,https://youtu.be/uN1FxJXJgGY,YouTube
Uầy hôm nay anh đẹp trai thế:)),https://youtu.be/uN1FxJXJgGY,YouTube
Được rồi anh ơi,https://youtu.be/uN1FxJXJgGY,YouTube
có mỗi 1 ngày,https://youtu.be/uN1FxJXJgGY,YouTube
Cảm ơn anh nha,https://youtu.be/uN1FxJXJgGY,YouTube
em cùng đội anh,https://youtu.be/uN1FxJXJgGY,YouTube
"ủ em nhớ 2/9 này mới mở đk , ae chờ tới hôm đấy ròii hả đk",https://youtu.be/uN1FxJXJgGY,YouTube
Em ko đc:(.giống cái cuối,https://youtu.be/uN1FxJXJgGY,YouTube
Em dc nek:),https://youtu.be/uN1FxJXJgGY,YouTube
Uii anh giống em thế,https://youtu.be/uN1FxJXJgGY,YouTube
"Thách anh tìm game ko dùng đến chân,tay,mắt,..:))))",https://youtu.be/uN1FxJXJgGY,YouTube
Bấm hủy gói 3st4g rồi sao ạ,https://youtu.be/uN1FxJXJgGY,YouTube
Của mình được luôn nè,https://youtu.be/uN1FxJXJgGY,YouTube
Nó kêu điều này sẽ có thể gây ra các khoản phí đối với tài khoản di động Thì làm sao mn,https://youtu.be/uN1FxJXJgGY,YouTube
"đọc cm mà tủi thân , mình đăng ký không thành công . hicc",https://youtu.be/uN1FxJXJgGY,YouTube
Tao dùng mobifone xài 4g hơn 5 tháng chẳng phải chẳ,https://youtu.be/uN1FxJXJgGY,YouTube
cảm ơn chú nhiều hôm nay nhìn chú bảnh ra:),https://youtu.be/uN1FxJXJgGY,YouTube
Uii hôm nay anh đẹp trai quá ạ,https://youtu.be/uN1FxJXJgGY,YouTube
thank anh đẹp trai,https://youtu.be/uN1FxJXJgGY,YouTube
ok anh,https://youtu.be/uN1FxJXJgGY,YouTube
Dùng 3 số số nào cũng tạch,https://youtu.be/uN1FxJXJgGY,YouTube
Tôi đang sử dụng gói miễn phí này tháng thứ 2 rồi quá ok,https://youtu.be/uN1FxJXJgGY,YouTube
Hơi đen rồi không thành công,https://youtu.be/uN1FxJXJgGY,YouTube
Em cũng có cái nịt thôi,https://youtu.be/uN1FxJXJgGY,YouTube
Gửi vào đâu ạ,https://youtu.be/uN1FxJXJgGY,YouTube
Sao ai cũng thành công còn em lại không v anh chỉ em với,https://youtu.be/uN1FxJXJgGY,YouTube
uầy đc a ơi cảm ơn anh,https://youtu.be/uN1FxJXJgGY,YouTube
Em cũng như ah,https://youtu.be/uN1FxJXJgGY,YouTube
Sao chú lúc nào cũng bận có bộ đồ đen xì với đồ:():,https://youtu.be/uN1FxJXJgGY,YouTube
Hì hì thành công rồi anh ơi,https://youtu.be/uN1FxJXJgGY,YouTube
Em đc 3 tháng nè,https://youtu.be/uN1FxJXJgGY,YouTube
Đc r a ơi :)))),https://youtu.be/uN1FxJXJgGY,YouTube
uê thkiu anh nhé,https://youtu.be/uN1FxJXJgGY,YouTube
Vinaphone đi anh mong anh làm,https://youtu.be/uN1FxJXJgGY,YouTube
3 tháng cái gì tôi mới đc 3 ngày,https://youtu.be/uN1FxJXJgGY,YouTube
Còn vina thì sao ạ,https://youtu.be/uN1FxJXJgGY,YouTube
Mink đc tặng luôn ko cần soạn j ht ý,https://youtu.be/uN1FxJXJgGY,YouTube
Có vinaphone ko vậy ak lm vinaphone nx đi ak,https://youtu.be/uN1FxJXJgGY,YouTube
Có gói nào trên   Vinaphone ko:),https://youtu.be/uN1FxJXJgGY,YouTube
em có cái nịt luôn a zai :((((,https://youtu.be/uN1FxJXJgGY,YouTube
Em đc nè anh :()),https://youtu.be/uN1FxJXJgGY,YouTube
Gửi bên phần nào vậy anh,https://youtu.be/uN1FxJXJgGY,YouTube
Đen như mk thì…,https://youtu.be/uN1FxJXJgGY,YouTube
Giống anh,https://youtu.be/uN1FxJXJgGY,YouTube
Kk tui ko có,https://youtu.be/uN1FxJXJgGY,YouTube
Em thành công rồi,https://youtu.be/uN1FxJXJgGY,YouTube
"Đăng ký được rồi này, ehehe",https://youtu.be/uN1FxJXJgGY,YouTube
Chung hội cùng thuyền với anh r=),https://youtu.be/uN1FxJXJgGY,YouTube
Uầy hôm hôm nay anh đẹp trai thế,https://youtu.be/uN1FxJXJgGY,YouTube
"Anh ơi, sao em bấm gửi nó cứ để gửi ko thành công:)",https://youtu.be/uN1FxJXJgGY,YouTube
đăng ký hôm qua rồi,https://youtu.be/uN1FxJXJgGY,YouTube
Em đăng kí đc rồi nhưng nó lạ lắm 100k bây hơi,https://youtu.be/uN1FxJXJgGY,YouTube
Em bị như anh:),https://youtu.be/uN1FxJXJgGY,YouTube
Uầy em cũng đc,https://youtu.be/uN1FxJXJgGY,YouTube
nhận đc luôn,https://youtu.be/uN1FxJXJgGY,YouTube
Em giống anh,https://youtu.be/uN1FxJXJgGY,YouTube
Đen như anh luôn,https://youtu.be/uN1FxJXJgGY,YouTube
Vãi ra gửi đại cái đc luôn ạ,https://youtu.be/uN1FxJXJgGY,YouTube
Thế có cần soạn HUY 3ST4G k v ad,https://youtu.be/uN1FxJXJgGY,YouTube
chả cần  soạn tin tự được,https://youtu.be/uN1FxJXJgGY,YouTube
Cho em cái máy sony đi anh,https://youtu.be/uN1FxJXJgGY,YouTube
Đăng kí thành công rồi,https://youtu.be/uN1FxJXJgGY,YouTube
Ơ được thật này:))) chắc do nhân phẩm cao:)),https://youtu.be/uN1FxJXJgGY,YouTube
"Cho e hỏi 
Mỗi ngày nhận 2g hay mỗi ngày mất 2g vậy a",https://youtu.be/uN1FxJXJgGY,YouTube
Uầy em đăng ký thành cônng,https://youtu.be/uN1FxJXJgGY,YouTube
Ủa a sao e đk thàng công r nhưng sài 4g nó cứ trừ dung lượng giờ nó lên đến 3gb r,https://youtu.be/uN1FxJXJgGY,YouTube
"Em cũng được nè
Nhưng không biết mai mình nạp tiền có bị trừ gì không ạ",https://youtu.be/uN1FxJXJgGY,YouTube
sao em nó để đăng ký ko thành công,https://youtu.be/uN1FxJXJgGY,YouTube
Đến qua anh oi,https://youtu.be/uN1FxJXJgGY,YouTube
Đợt đấy e đc tặng luôn chứ k phải e nhắn tin,https://youtu.be/uN1FxJXJgGY,YouTube
E ko ứng tiền mà nạp 120 còn 14 k >:(,https://youtu.be/uN1FxJXJgGY,YouTube
Mua sim cũng dc trúng,https://youtu.be/uN1FxJXJgGY,YouTube
Được nhe các đồng chí,https://youtu.be/uN1FxJXJgGY,YouTube
Mới xem song và đăng kia chương trình k áp dụng cho thê bảo của bạn CAY THẾ NHỜ,https://youtu.be/uN1FxJXJgGY,YouTube
"Uầy hôm nay a đẹp trai quá, nên a chỉ em xài máy android nào sang mà lại hút gái như anh đi ạ:)))",https://youtu.be/uN1FxJXJgGY,YouTube
thank anh,https://youtu.be/uN1FxJXJgGY,YouTube
Em ko được đen thế,https://youtu.be/uN1FxJXJgGY,YouTube
em cảm ơn anh nhiều hehehehe,https://youtu.be/uN1FxJXJgGY,YouTube
Rất tuyệt vời!,https://youtu.be/uN1FxJXJgGY,YouTube
Tự dưng nay đệp chai quá,https://youtu.be/uN1FxJXJgGY,YouTube
Xui r,https://youtu.be/uN1FxJXJgGY,YouTube
Cho em vào hội=)))),https://youtu.be/uN1FxJXJgGY,YouTube
Có được mobifone ko ạ,https://youtu.be/uN1FxJXJgGY,YouTube
được rồi anh ưi mơn anh :),https://youtu.be/uN1FxJXJgGY,YouTube
Cn tôi thì xui,https://youtu.be/uN1FxJXJgGY,YouTube
ko dùng đc,https://youtu.be/uN1FxJXJgGY,YouTube
Chưa tính đến được hay không nhưng chữ g không ghi hoa kìa =)),https://youtu.be/uN1FxJXJgGY,YouTube
Anh dùng sim gì,https://youtu.be/uN1FxJXJgGY,YouTube
em thành công rồi hên v,https://youtu.be/uN1FxJXJgGY,YouTube
con đt sony đó tên gì v ạ nó đẹp quá,https://youtu.be/uN1FxJXJgGY,YouTube
Uầy đăng kí phát đc luôn,https://youtu.be/uN1FxJXJgGY,YouTube
sao đăng kí thành công mà sài không đc vậy ạ:((,https://youtu.be/uN1FxJXJgGY,YouTube
Adu ngon thank nhé,https://youtu.be/uN1FxJXJgGY,YouTube
Anh ơi em trúng anh ạ cảm ơn anh nhiều nhá,https://youtu.be/uN1FxJXJgGY,YouTube
"Ui,đc thật nè",https://youtu.be/uN1FxJXJgGY,YouTube
uầy thấy anh đzz quá :33,https://youtu.be/uN1FxJXJgGY,YouTube
không giới hạn dung lượng?,https://youtu.be/uN1FxJXJgGY,YouTube
Ko được,https://youtu.be/uN1FxJXJgGY,YouTube
Trước mình cũng được 3 tháng hay 6 tháng ý,https://youtu.be/uN1FxJXJgGY,YouTube
Úi sồi em đc luôn anh ơi,https://youtu.be/uN1FxJXJgGY,YouTube
Vô phần nò v a,https://youtu.be/uN1FxJXJgGY,YouTube
Sao e đk rùi mà ko hiện sóng 4g a nhỉ,https://youtu.be/uN1FxJXJgGY,YouTube
Ê được r anh :)) iu a,https://youtu.be/uN1FxJXJgGY,YouTube
Dc nè c.n ah nhìu nha,https://youtu.be/uN1FxJXJgGY,YouTube
Sao của em không đc :((,https://youtu.be/uN1FxJXJgGY,YouTube
Em ko đc,https://youtu.be/uN1FxJXJgGY,YouTube
Ko đc,https://youtu.be/uN1FxJXJgGY,YouTube
"Mà giải thích cho em cái, là sử dụng trong 3 tháng kể từ khi đăng ký thành công hay từ lúc đăng ký thành công rồi xài chừng nào hết thì thôi hả anh?",https://youtu.be/uN1FxJXJgGY,YouTube
Em thành công rồi này,https://youtu.be/uN1FxJXJgGY,YouTube
Dùng đc chx đầy 1 tháng,https://youtu.be/uN1FxJXJgGY,YouTube
Không thanh cong,https://youtu.be/uN1FxJXJgGY,YouTube
Em được  mà máy mẹ em thì ko được,https://youtu.be/uN1FxJXJgGY,YouTube
ơ nhưng tui dùng mobilephone,https://youtu.be/uN1FxJXJgGY,YouTube
Má sim mình hong đc,https://youtu.be/uN1FxJXJgGY,YouTube
Đấy là ng chưa đăng kí gì của viettel.Ra ngoài viettel thì ko đăng ký nhé,https://youtu.be/uN1FxJXJgGY,YouTube
đơn giản  thế à liệu có  cài được ko,https://youtu.be/uN1FxJXJgGY,YouTube
Hi ch ak,https://youtu.be/uN1FxJXJgGY,YouTube
anh phải dùng xim 2,https://youtu.be/uN1FxJXJgGY,YouTube
Đen chúc bạn may mắn lần sao,https://youtu.be/uN1FxJXJgGY,YouTube
Vừa định lm thì ....,https://youtu.be/uN1FxJXJgGY,YouTube
Được luôn,https://youtu.be/uN1FxJXJgGY,YouTube
Em đc này,https://youtu.be/uN1FxJXJgGY,YouTube
tôi may mắn nhá các ông,https://youtu.be/uN1FxJXJgGY,YouTube
Xui ghê ko đc,https://youtu.be/uN1FxJXJgGY,YouTube
Hơ hơ vừa thử được luôn,https://youtu.be/uN1FxJXJgGY,YouTube
Em bị cụt tay cụt chân anh giúp em chơi Genshin đi anh,https://youtu.be/uN1FxJXJgGY,YouTube
Haizz đen lắm:)),https://youtu.be/uN1FxJXJgGY,YouTube
Tổng đài sad có làm mới có ăn:)),https://youtu.be/uN1FxJXJgGY,YouTube
K đc,https://youtu.be/uN1FxJXJgGY,YouTube
ơ đc cả sim luôn hề,https://youtu.be/uN1FxJXJgGY,YouTube
Mobi đâu a,https://youtu.be/uN1FxJXJgGY,YouTube
ko đươc,https://youtu.be/uN1FxJXJgGY,YouTube
Làm sao dị,https://youtu.be/uN1FxJXJgGY,YouTube
Sao huỷ vậy anh?,https://youtu.be/uN1FxJXJgGY,YouTube
2 năm r jo ms xem video lm thử k nổi,https://youtu.be/uN1FxJXJgGY,YouTube
nhưng e dùng wifi =),https://youtu.be/uN1FxJXJgGY,YouTube
Xui quá em ko đc :),https://youtu.be/uN1FxJXJgGY,YouTube
S em làm như anh mà k có nhận đc v ạ,https://youtu.be/uN1FxJXJgGY,YouTube
Sài đc 1 ngayf1 vc thật,https://youtu.be/uN1FxJXJgGY,YouTube
Hình như ip ko làm đc :))),https://youtu.be/uN1FxJXJgGY,YouTube
em đc,https://youtu.be/uN1FxJXJgGY,YouTube
Tui cũng ko dky dk,https://youtu.be/uN1FxJXJgGY,YouTube
Mé sim phục đc,https://youtu.be/uN1FxJXJgGY,YouTube
Ghép khá bảnh vào video là đủ hiểu loại người thế nào r,https://youtu.be/uN1FxJXJgGY,YouTube
"Anh ơi, em đăng kí được thành công nhưng đến ngày thứ 2 làm sao để sài tiếp vậy ạ? Em sử dụng hết 2GB của ngày 1 qua đến ngày thứ 2 thì không có ạ",https://youtu.be/uN1FxJXJgGY,YouTube
Đen quá,https://youtu.be/uN1FxJXJgGY,YouTube
Vina được ko anh ?,https://youtu.be/uN1FxJXJgGY,YouTube
Cái này có gia hạn ko ạ,https://youtu.be/uN1FxJXJgGY,YouTube
uầy được này,https://youtu.be/uN1FxJXJgGY,YouTube
Ảo thật đấy đc luôn,https://youtu.be/uN1FxJXJgGY,YouTube
Ê duma t thử hết đt cả dòng họ k đc cái nào :)),https://youtu.be/uN1FxJXJgGY,YouTube
Uầy một phát được luôn này :),https://youtu.be/uN1FxJXJgGY,YouTube
Ý có nè,https://youtu.be/uN1FxJXJgGY,YouTube
ĐT em ko may mắn lắm,https://youtu.be/uN1FxJXJgGY,YouTube
Thành công rồi,https://youtu.be/uN1FxJXJgGY,YouTube
Hehe em đc,https://youtu.be/uN1FxJXJgGY,YouTube
Em không được,https://youtu.be/uN1FxJXJgGY,YouTube
Bật dữ liệu di động,https://youtu.be/uN1FxJXJgGY,YouTube
Sao k đc nghỉ AK cj bảo em với,https://youtu.be/uN1FxJXJgGY,YouTube
"2 năm trước mà còn đăng lại , dấu hiệu l đ",https://youtu.be/uN1FxJXJgGY,YouTube
"Mình cũng có cái nịt 

Đăng ký không thành công. CT không áp dụng cho TB của Quý khách. Để biết thông tin các ưu đãi khác...",https://youtu.be/uN1FxJXJgGY,YouTube
:)) e ko thành công,https://youtu.be/uN1FxJXJgGY,YouTube
2 năm trc :))),https://youtu.be/uN1FxJXJgGY,YouTube
Dùng v2rayng,https://youtu.be/uN1FxJXJgGY,YouTube
Giống em có cái nịt,https://youtu.be/uN1FxJXJgGY,YouTube
Sử dụng.  Chưa hết 1 ngai. Bầy đặc miễn phí 3 tháng . Điu,https://youtu.be/uN1FxJXJgGY,YouTube
Depzai đấy  thanks nha,https://youtu.be/uN1FxJXJgGY,YouTube
Tui được nè,https://youtu.be/uN1FxJXJgGY,YouTube
dùng 2sim dc 1 cẻm ơn anh =)),https://youtu.be/uN1FxJXJgGY,YouTube
Có bị mất tiền ko,https://youtu.be/uN1FxJXJgGY,YouTube
G ko viết hoa kìa,https://youtu.be/uN1FxJXJgGY,YouTube
Chơi con Sony xz1 ngon nhỉ,https://youtu.be/uN1FxJXJgGY,YouTube
Dc luôn nè anh,https://youtu.be/uN1FxJXJgGY,YouTube
À này hồi 2 năm trước t cũng đc :)),https://youtu.be/uN1FxJXJgGY,YouTube
Hay thế,https://youtu.be/uN1FxJXJgGY,YouTube
Anh chỉ em cách vừa xem short vừa chơi game đi ạ,https://youtu.be/uN1FxJXJgGY,YouTube
Y như tôi,https://youtu.be/uN1FxJXJgGY,YouTube
1 hit ăn luôn ngonnnn=))),https://youtu.be/uN1FxJXJgGY,YouTube
Được nè,https://youtu.be/uN1FxJXJgGY,YouTube
Em bị chặn anh sau bị anh,https://youtu.be/uN1FxJXJgGY,YouTube
Đen quá ko đc,https://youtu.be/uN1FxJXJgGY,YouTube
Ê nó bảo đăng ký thành công tui bật lên trả có 4G,https://youtu.be/uN1FxJXJgGY,YouTube
được luôn này,https://youtu.be/uN1FxJXJgGY,YouTube
đăng kí như thế có miễn phí thật ko mn,https://youtu.be/uN1FxJXJgGY,YouTube
"thử phát được luôn này, húp",https://youtu.be/uN1FxJXJgGY,YouTube
Đc nè mất tiền ko á,https://youtu.be/uN1FxJXJgGY,YouTube
xài villa phone thì sao a :))),https://youtu.be/uN1FxJXJgGY,YouTube
G inh mà anh :),https://youtu.be/uN1FxJXJgGY,YouTube
Áa được ròii anh ơi,https://youtu.be/uN1FxJXJgGY,YouTube
Ô thành công r nek,https://youtu.be/uN1FxJXJgGY,YouTube
cái nịt còn đúng cái nịt,https://youtu.be/uN1FxJXJgGY,YouTube
Em được rồi,https://youtu.be/uN1FxJXJgGY,YouTube
"Còn cái nịt, còn đúng cái nịt",https://youtu.be/uN1FxJXJgGY,YouTube
Tui đc r nè,https://youtu.be/uN1FxJXJgGY,YouTube
thank any ui,https://youtu.be/uN1FxJXJgGY,YouTube
Đăng ký được rồi,https://youtu.be/uN1FxJXJgGY,YouTube
đúng là chỉ có mỗi cái nịt:((,https://youtu.be/uN1FxJXJgGY,YouTube
Nhập ở đâu =)))?,https://youtu.be/uN1FxJXJgGY,YouTube
tui đc nè bruhhhh thật thề luônnnn,https://youtu.be/uN1FxJXJgGY,YouTube
Nge câu ảo thật đấy và cái nit là biết video lâu roi,https://youtu.be/uN1FxJXJgGY,YouTube
Đc ròiiii,https://youtu.be/uN1FxJXJgGY,YouTube
Thành công r,https://youtu.be/uN1FxJXJgGY,YouTube
ko đc lại lừa ròi,https://youtu.be/uN1FxJXJgGY,YouTube
đen quá huh,https://youtu.be/uN1FxJXJgGY,YouTube
E xui quá có cái nịt luôn,https://youtu.be/uN1FxJXJgGY,YouTube
Được lun ngon qué =))),https://youtu.be/uN1FxJXJgGY,YouTube
em nhắn phát ăn luôn,https://youtu.be/uN1FxJXJgGY,YouTube
Amh đang dùng máy j đấy?,https://youtu.be/uN1FxJXJgGY,YouTube
Có mik anh đen thui,https://youtu.be/uN1FxJXJgGY,YouTube
túi làm được mà anh zai,https://youtu.be/uN1FxJXJgGY,YouTube
Hên,https://youtu.be/uN1FxJXJgGY,YouTube
Có mất tài khoản gốc k a,https://youtu.be/uN1FxJXJgGY,YouTube
Đc này,https://youtu.be/uN1FxJXJgGY,YouTube
cho tôi hỏi điện thoại sony đang dùng là mẫu gì vậy ạ,https://youtu.be/uN1FxJXJgGY,YouTube
Em đc nha,https://youtu.be/uN1FxJXJgGY,YouTube
oa đã may mắn trúng r kkkk,https://youtu.be/uN1FxJXJgGY,YouTube
con cái in,https://youtu.be/uN1FxJXJgGY,YouTube
ảo thật đấy e được này,https://youtu.be/uN1FxJXJgGY,YouTube
Cứ chèn cái thằng tù vào làm j vậy nhỉ? Giáo dục lớp trẻ ah? Rp cho lẹ,https://youtu.be/uN1FxJXJgGY,YouTube
có mất tiền không anh,https://youtu.be/uN1FxJXJgGY,YouTube
ố dề làm đc rồi,https://youtu.be/uN1FxJXJgGY,YouTube
Đen thế,https://youtu.be/uN1FxJXJgGY,YouTube
E đc nè,https://youtu.be/uN1FxJXJgGY,YouTube
còn cái nịt rồi,https://youtu.be/uN1FxJXJgGY,YouTube
Lừa rồi làm j có đau,https://youtu.be/uN1FxJXJgGY,YouTube
gục ngã rồi :)),https://youtu.be/uN1FxJXJgGY,YouTube
Ơ e đc này :)),https://youtu.be/uN1FxJXJgGY,YouTube
Em được nè,https://youtu.be/uN1FxJXJgGY,YouTube
Ảo thật đấy,https://youtu.be/uN1FxJXJgGY,YouTube
Đen!,https://youtu.be/uN1FxJXJgGY,YouTube
đen thật :((,https://youtu.be/uN1FxJXJgGY,YouTube
Đen thế nhờ,https://youtu.be/uN1FxJXJgGY,YouTube
Em đỏ quá,https://youtu.be/uN1FxJXJgGY,YouTube
"Ủa đc là sao, t hên dị",https://youtu.be/uN1FxJXJgGY,YouTube
Vãi.  2 năm trc=)),https://youtu.be/uN1FxJXJgGY,YouTube
ôk quá,https://youtu.be/uN1FxJXJgGY,YouTube
Còn cái nịt thôi anh ơi,https://youtu.be/uN1FxJXJgGY,YouTube
Mình đăng kí được rồi nè. Hên vãi chưởng,https://youtu.be/uN1FxJXJgGY,YouTube
Hên vãy nồi đăng kí thành công,https://youtu.be/uN1FxJXJgGY,YouTube
Có mấy phí k,https://youtu.be/uN1FxJXJgGY,YouTube
Đc thật :)),https://youtu.be/uN1FxJXJgGY,YouTube
K dc,https://youtu.be/uN1FxJXJgGY,YouTube
Viettel 4G,https://youtu.be/uN1FxJXJgGY,YouTube
Đen thật,https://youtu.be/uN1FxJXJgGY,YouTube
191..ko,https://youtu.be/uN1FxJXJgGY,YouTube
Tui hên dữ,https://youtu.be/uN1FxJXJgGY,YouTube
Ơ sao ko đc thế a,https://youtu.be/uN1FxJXJgGY,YouTube
4sim tạch hết,https://youtu.be/uN1FxJXJgGY,YouTube
"Đm cuộc đời, tháng nào cũng 120k đến 150k mà Viettel không cho",https://youtu.be/uN1FxJXJgGY,YouTube
iPhone 16. iPhone 16 pro,https://youtu.be/uN1FxJXJgGY,YouTube
tui xài mobi,https://youtu.be/uN1FxJXJgGY,YouTube
Cảm ơn anh e được cái nịt,https://youtu.be/uN1FxJXJgGY,YouTube
Đúng là chúa bịp vịt teo :)),https://youtu.be/uN1FxJXJgGY,YouTube
Ui em dc nwf,https://youtu.be/uN1FxJXJgGY,YouTube
đc rùi hên quá,https://youtu.be/uN1FxJXJgGY,YouTube
"G 
g 
Nên hỏi sao sai ""G"" này ko ghi mà ghi ""g"" này =]]",https://youtu.be/uN1FxJXJgGY,YouTube
đúng là có cái nịt thật,https://youtu.be/uN1FxJXJgGY,YouTube
Không có chuyện wifi miễn phí đâu,https://youtu.be/uN1FxJXJgGY,YouTube
ko đc :))),https://youtu.be/uN1FxJXJgGY,YouTube
"Uầy, đc này :)))",https://youtu.be/uN1FxJXJgGY,YouTube
Đc luôn:)))),https://youtu.be/uN1FxJXJgGY,YouTube
"vina đi ad ơi,please",https://youtu.be/uN1FxJXJgGY,YouTube
Em còn đúng cái nịt,https://youtu.be/uN1FxJXJgGY,YouTube
Em không đăng ký được,https://youtu.be/uN1FxJXJgGY,YouTube
Ui anh dz,https://youtu.be/uN1FxJXJgGY,YouTube
tạch tạch tạch,https://youtu.be/uN1FxJXJgGY,YouTube
Em đen quá,https://youtu.be/uN1FxJXJgGY,YouTube
Hênnn chưa,https://youtu.be/uN1FxJXJgGY,YouTube
Đc của ló đó,https://youtu.be/uN1FxJXJgGY,YouTube
ơ đc này,https://youtu.be/uN1FxJXJgGY,YouTube
Mobi ik,https://youtu.be/uN1FxJXJgGY,YouTube
Tạch r :),https://youtu.be/uN1FxJXJgGY,YouTube
đc nha anh =))))),https://youtu.be/uN1FxJXJgGY,YouTube
Dễ thế :)),https://youtu.be/uN1FxJXJgGY,YouTube
E được nè,https://youtu.be/uN1FxJXJgGY,YouTube
Vaii đc luôn,https://youtu.be/uN1FxJXJgGY,YouTube
tôi đc nè,https://youtu.be/uN1FxJXJgGY,YouTube
Chuẩn ko vậy,https://youtu.be/uN1FxJXJgGY,YouTube
Ơ dc nè =),https://youtu.be/uN1FxJXJgGY,YouTube
Có đc đâu,https://youtu.be/uN1FxJXJgGY,YouTube
"Mình hên, cũng Còn đúng cái NỊT",https://youtu.be/uN1FxJXJgGY,YouTube
Xui:),https://youtu.be/uN1FxJXJgGY,YouTube
tạch r :'),https://youtu.be/uN1FxJXJgGY,YouTube
Vl 2 năm trc,https://youtu.be/uN1FxJXJgGY,YouTube
Dc ae,https://youtu.be/uN1FxJXJgGY,YouTube
E trúng r =)),https://youtu.be/uN1FxJXJgGY,YouTube
Tạch,https://youtu.be/uN1FxJXJgGY,YouTube
em trúng :),https://youtu.be/uN1FxJXJgGY,YouTube
anh ơi sao e ko đc v :(,https://youtu.be/uN1FxJXJgGY,YouTube
MÌNH đen quá,https://youtu.be/uN1FxJXJgGY,YouTube
Dc luôn nè cm a nha,https://youtu.be/uN1FxJXJgGY,YouTube
5 sim rồi nhưng vẫn k có là hên vãi nhỉ,https://youtu.be/uN1FxJXJgGY,YouTube
Đen wá,https://youtu.be/uN1FxJXJgGY,YouTube
lâu rồi,https://youtu.be/uN1FxJXJgGY,YouTube
Còn cái nịt,https://youtu.be/uN1FxJXJgGY,YouTube
3S,https://youtu.be/uN1FxJXJgGY,YouTube
Cảm ơn anh nha đăng ký ko thành công=))),https://youtu.be/uN1FxJXJgGY,YouTube
Ng dùng mobi:(,https://youtu.be/uN1FxJXJgGY,YouTube
Đen t,https://youtu.be/uN1FxJXJgGY,YouTube
vãi chúng thật,https://youtu.be/uN1FxJXJgGY,YouTube
Sao hết chương trình r đăng ký lại ko đc,https://youtu.be/uN1FxJXJgGY,YouTube
Đen v:)),https://youtu.be/uN1FxJXJgGY,YouTube
Hội người dùng 5g free,https://youtu.be/uN1FxJXJgGY,YouTube
2 năm:))),https://youtu.be/uN1FxJXJgGY,YouTube
Tạch :)),https://youtu.be/uN1FxJXJgGY,YouTube
Áaaaaaaaaaaaaaaaâ anh đẹp trai quá đi,https://youtu.be/uN1FxJXJgGY,YouTube
đẹp trai,https://youtu.be/uN1FxJXJgGY,YouTube
em đc cái nịt luôn,https://youtu.be/uN1FxJXJgGY,YouTube
Em có đúng cái nịt,https://youtu.be/uN1FxJXJgGY,YouTube
Hên v l anh ạ.,https://youtu.be/uN1FxJXJgGY,YouTube
Đen vcl sao mỗi t ko đc vậy,https://youtu.be/uN1FxJXJgGY,YouTube
Đc r,https://youtu.be/uN1FxJXJgGY,YouTube
like,https://youtu.be/uN1FxJXJgGY,YouTube
Tin chuẩn chưa anh? :),https://youtu.be/uN1FxJXJgGY,YouTube
:)))) hay,https://youtu.be/uN1FxJXJgGY,YouTube
Vl đc thạt,https://youtu.be/uN1FxJXJgGY,YouTube
Em được cái nịt,https://youtu.be/uN1FxJXJgGY,YouTube
Có cái nịt,https://youtu.be/uN1FxJXJgGY,YouTube
E làm đc rồi hahahah,https://youtu.be/uN1FxJXJgGY,YouTube
Em k mày mắn,https://youtu.be/uN1FxJXJgGY,YouTube
Dê dc cái nịt :)),https://youtu.be/uN1FxJXJgGY,YouTube
50/50,https://youtu.be/uN1FxJXJgGY,YouTube
Có cái nịt á,https://youtu.be/uN1FxJXJgGY,YouTube
fail,https://youtu.be/uN1FxJXJgGY,YouTube
Xịt,https://youtu.be/uN1FxJXJgGY,YouTube
Có đúng cái nịt,https://youtu.be/uN1FxJXJgGY,YouTube
Máy cũ của MÁ,https://youtu.be/uN1FxJXJgGY,YouTube
Thật không,https://youtu.be/uN1FxJXJgGY,YouTube
Lừa zồi,https://youtu.be/uN1FxJXJgGY,YouTube
"Vl đọc cmt ai cx đc, riêng tui thì ko",https://youtu.be/uN1FxJXJgGY,YouTube
Xui vl,https://youtu.be/uN1FxJXJgGY,YouTube
Cayyy,https://youtu.be/uN1FxJXJgGY,YouTube
3ST4G,https://youtu.be/uN1FxJXJgGY,YouTube
Mình đã đký thành công c.ơn anh đã hd,https://youtu.be/uN1FxJXJgGY,YouTube
Hết 3 tháng mik đk lại k đc hay sao ý,https://youtu.be/uN1FxJXJgGY,YouTube
mmmmmmmmmmmmmmmmmmmmww,https://youtu.be/uN1FxJXJgGY,YouTube
Hôm nay azai đẹp trai thế nhờ :))),https://youtu.be/uN1FxJXJgGY,YouTube
Mobi nhu ccc,https://youtu.be/uN1FxJXJgGY,YouTube
M đ kỳ,https://youtu.be/uN1FxJXJgGY,YouTube
Đc nè thank a nha,https://youtu.be/uN1FxJXJgGY,YouTube
đã đk thành công cảm ơn và chia buồn cùng bạn,https://youtu.be/uN1FxJXJgGY,YouTube
XIN THƯỜNG NIỆM NAM MÔ NGỌC HOÀNG THƯỢNG ĐẾ VÔ CỰC ĐẠI THIÊN TÔN NAM MÔ A DI ĐÀ PHẬT NAM MÔ QUÁN THẾ ÂM BỒ TÁT NAM MÔ CỬU HUYỀN THẤT TỔ,https://youtu.be/uN1FxJXJgGY,YouTube
"Đăng ký không thành công. CT không áp dụng cho TB của Quý khách. Để biết thông tin các ưu đãi khác, vui lòng bấm gọi *098#. Chi tiết LH 198 (0đ). Trân trọng.",https://youtu.be/uN1FxJXJgGY,YouTube
4g,https://youtu.be/uBP2VXJRPv8,YouTube
^^,https://youtu.be/uBP2VXJRPv8,YouTube
Bây giờ mới nhìn thấy,https://youtu.be/hwGWNWW1fh4,YouTube
Kiểu này mấy bạn ở tổng đài mà xinh xinh thì bị trêu suốt thôi :))),https://youtu.be/hwGWNWW1fh4,YouTube
Mình buồn cười quá,https://youtu.be/hwGWNWW1fh4,YouTube
20-25 rồi còn xem,https://youtu.be/hwGWNWW1fh4,YouTube
Trông cũng bình thường,https://youtu.be/hwGWNWW1fh4,YouTube
Thua em dung ban xôi,https://youtu.be/hwGWNWW1fh4,YouTube
Buồn cười quá,https://youtu.be/hwGWNWW1fh4,YouTube
Sx đ thoại viettle ban quyền huyen dt ... pinl ...modol bl 20hi  3.8v 2000 ah / 2050mah ( min / typ ) 7.60wh / 7 . 79wh nt .voltage 4.35 v . Phải tăng thêm vol . Tặng đó sang . Gửi được lâu bênh . Sk .,https://youtu.be/hwGWNWW1fh4,YouTube
Cách chăm sóc khách hàng với đt ko cảm ứng mà chỉ bình thường thì sao ạ,https://youtu.be/hwGWNWW1fh4,YouTube
Viettel chô mai xem???,https://youtu.be/hwGWNWW1fh4,YouTube
Cho e so dang ly 4G viethe di a,https://youtu.be/hwGWNWW1fh4,YouTube
Tổng đài card sao seri thiếu 1 số,https://youtu.be/hwGWNWW1fh4,YouTube
Ko còn gì chăm sóc khách hàng qua cộng đồng mạng quy nhất chỉ có 198,https://youtu.be/hwGWNWW1fh4,YouTube
Có dc tán em nào tổng đài ko nhỉ,https://youtu.be/hwGWNWW1fh4,YouTube
G,https://youtu.be/hwGWNWW1fh4,YouTube
"Tụi quản lý sim khách chơi ngon, đang dùng 4g chuyển qua e g, tụi này chơi ngon, cung cấp cho khách rồi đòi thu sim , khách chuyển qua dùng mạng khách tụt doanh số hết ngồi chơi",https://youtu.be/hwGWNWW1fh4,YouTube
cho em sđt tổng đài đăng ký 4G là số mấy,https://youtu.be/hwGWNWW1fh4,YouTube
cho e hỏi e ở hải dương có sóng 4G chưa vậy,https://youtu.be/hwGWNWW1fh4,YouTube
sai cac j,https://youtu.be/hwGWNWW1fh4,YouTube
dit me trừ hết mấy trăm của tao,https://youtu.be/hwGWNWW1fh4,YouTube
có tốn dung lượng không ạ ?,https://youtu.be/hwGWNWW1fh4,YouTube
mih dag ky 4g nhug doj thj cug châm ak,https://youtu.be/hwGWNWW1fh4,YouTube
Chị ơi em mạnh đã đăng ký kênh Youtube ủng hộ chị nhé,https://youtu.be/WolD4RpRU_g,YouTube
Viettel chị nv nào cũng xinh gái cả,https://youtu.be/WolD4RpRU_g,YouTube
"4G viettel giờ có gói mimax rồi, dùng thích thật",https://youtu.be/WolD4RpRU_g,YouTube
chỉ thích nhìn e thôi,https://youtu.be/WolD4RpRU_g,YouTube
o xa hoi nghia/tan uyen/binh duong co         phu song 4g chua chi,https://youtu.be/WolD4RpRU_g,YouTube
Lại châu 4G cag đét mỗi tối trưa đổi được sim,https://youtu.be/WolD4RpRU_g,YouTube
Sim 3 khía sim nháy ae đừg mua,https://youtu.be/WolD4RpRU_g,YouTube
e thấy cái *098# là cái phổ biến dễ dùng mà.,https://youtu.be/WolD4RpRU_g,YouTube
Xinh Vãi,https://youtu.be/WolD4RpRU_g,YouTube
mh doi dang 4g roi nhung cha lam dx j,https://youtu.be/WolD4RpRU_g,YouTube
xinh qua uoc gi,https://youtu.be/WolD4RpRU_g,YouTube
vậy ở nam định có sóng 4g chưa àd,https://youtu.be/WolD4RpRU_g,YouTube
nếu samsumg j2em mua sim 4g em sữ dụng đươc bao nhiêu ngày,https://youtu.be/WolD4RpRU_g,YouTube
Với cái đà này thì 4g chắc chẳng khác gì 2g là may.,https://youtu.be/WolD4RpRU_g,YouTube
Tốc độ 4G mà không khác gì 2G,https://youtu.be/WolD4RpRU_g,YouTube
Xai cho vinaphone duoc khong,https://youtu.be/WolD4RpRU_g,YouTube
Đăng kí gói Facebook S ạ,https://youtu.be/WolD4RpRU_g,YouTube
anh chi oi 4g Viettel dang ky chon game dc hok,https://youtu.be/WolD4RpRU_g,YouTube
"Th
Thử dùng hết dung lượng tốc độ cao xem, tải một bộ phim một bài hát hay đơn giản là một tấm hình xem mất bao nhiêu thời gian.",https://youtu.be/WolD4RpRU_g,YouTube
theo ý tôi thì chỉ cần cho chúng tôi xử dụng cái 3g tốc độ cao mà chúng tôi vẫn mua ấy tốt rồi miễn phí cái 3g tốc độ cao cần gì 4g để tốn kinh phí khi mà 3g vẫn đang chưa khai thác hết cho khách hàng ...lãng phí quá,https://youtu.be/WolD4RpRU_g,YouTube
thế 4g chơi liên quân được k.đảm bảo k lang k ad,https://youtu.be/WolD4RpRU_g,YouTube
Sim 4g Viettel chạy chạm không?,https://youtu.be/WolD4RpRU_g,YouTube
4g vettell moi tháng được tặng 10GB hk chị,https://youtu.be/WolD4RpRU_g,YouTube
sim 4g hay bi mất sóng là sao ad,https://youtu.be/WolD4RpRU_g,YouTube
Đã anh em nào đc chưa,https://youtu.be/WolD4RpRU_g,YouTube
Sao năm ngoái mình đổi Sim 4G vẫn bị thu phí nhỉ?,https://youtu.be/WolD4RpRU_g,YouTube
4Gviettel,https://youtu.be/WolD4RpRU_g,YouTube
di doi co ma doi ca tieng,https://youtu.be/WolD4RpRU_g,YouTube
cú pháp dùng sim trắng để nâng 3G lên 4G cú pháp là gì ad?,https://youtu.be/WolD4RpRU_g,YouTube
Thật ko vậy em,https://youtu.be/WolD4RpRU_g,YouTube
Toi muon mua sim dc k,https://youtu.be/WolD4RpRU_g,YouTube
Em mua toi 25k,https://youtu.be/WolD4RpRU_g,YouTube
Sim của em từ học sinh cắt xuống thành sim thường và chính chủ.nhưng đổi 4g rồi vẫn không thấy mạng báo LTE TRONG KHI ĐIỆN THOẠI BẬT CHẾ ĐỘ LTE RỒI Ạ,https://youtu.be/WolD4RpRU_g,YouTube
Gio mình mới đổi sim sang 4G thì có được dùng 10GB ưu đãi nữa k nhỉ?,https://youtu.be/WolD4RpRU_g,YouTube
cho hỏi bây giờ còn làm lại sim 4G miễn phí ko?,https://youtu.be/WolD4RpRU_g,YouTube
"cho mình hỏi! mình đang sài sim 3G của vietell! gói cước 1 năm sử dụng mạng miễn phí! hàng tháng có 5G tốc độ cao! hết thì về tốc độ bình thường! 
nếu mình đổi sang sim 4G nó có bị mất lưu lượng đó ko ?",https://youtu.be/WolD4RpRU_g,YouTube
đổi sag 4g z danh bạ còn nguyên k,https://youtu.be/WolD4RpRU_g,YouTube
sao ở gò công chưa có,https://youtu.be/WolD4RpRU_g,YouTube
"Nhân viên thế này chúng tôi xin thua, cô quá xuất sắc!",https://youtu.be/XKzLjTeW8YM,YouTube
Cô nhân viên tổng đài xinh lắm luôn. Chuẩn .,https://youtu.be/XKzLjTeW8YM,YouTube
Video hay quá,https://youtu.be/XKzLjTeW8YM,YouTube
hay.,https://youtu.be/BDmYjhA3rgI,YouTube
mạng chuẩn. tôi thích Viettel,https://youtu.be/BDmYjhA3rgI,YouTube
Mạng 3G dạo nầy lag quá admin ơi,https://youtu.be/BDmYjhA3rgI,YouTube
Mạng 4G Của Viettel Tốc độ cao 120GB Mỗi Tháng,https://youtu.be/BDmYjhA3rgI,YouTube
Toi hỏi so cham sóc khác hang nói nhiều quá,https://youtu.be/BDmYjhA3rgI,YouTube
Bua nao khong goi tong dai viettel4g la an kom khong noi toan gai dep hk ak,https://youtu.be/BDmYjhA3rgI,YouTube
Hì,https://youtu.be/BDmYjhA3rgI,YouTube
"Chỗ tôi đang ở sóng viettel rất yếu bao nhiêu lần kêu cứu nâng cấp mà kg thấy phản hồi gì. Ngay trung tâm xã hiền kiệt. Huyện Quan hóa, thanh Hóa. Do cột sóng đặt vị trí kg hợp lý bị đồi núi che chắn nên mặc dù nhà tôi và tất cả dân ở khu trung tâm xã sóng đều rất yếu. Điện thoại lúc nào cũng dò sóng nên rất nhanh hết pin. Mong viettel có biện pháp nâng cấp. Cảm ơn.",https://youtu.be/BDmYjhA3rgI,YouTube
rảnh hơi,https://youtu.be/BDmYjhA3rgI,YouTube
wa tuyệt vời sẽ ơi!!!,https://youtu.be/lcONWHcvE08,YouTube
Viettel hãy nói theo cánh của bạn,https://youtu.be/lcONWHcvE08,YouTube
Tự hào về Viettel,https://youtu.be/lcONWHcvE08,YouTube
Tuyệt vời,https://youtu.be/lcONWHcvE08,YouTube
Yêu thích,https://youtu.be/lcONWHcvE08,YouTube
"how come there's no English language for international customers?
hey come on.. we world people are ready to support your brand anytimeif they just speak english.
let's face the reality",https://youtu.be/lcONWHcvE08,YouTube
Noi bizt sa czng,https://youtu.be/lcONWHcvE08,YouTube
Ok rất tốt,https://youtu.be/lcONWHcvE08,YouTube
Ok,https://youtu.be/lcONWHcvE08,YouTube
"Viettel làm ơn chấm dứt những tin nhắn quảng cáo vớ vẩn làm phiền tôi quá... quá tệ và ngớ ngẩn cho một nhà mạng lớn, stop disturbing me ok",https://youtu.be/lcONWHcvE08,YouTube
1:23,https://youtu.be/lcONWHcvE08,YouTube
Quá tuyệt,https://youtu.be/lcONWHcvE08,YouTube
VIETTEL LOGO 1:23,https://youtu.be/lcONWHcvE08,YouTube
Đẹp quá. Hiện đại,https://youtu.be/lcONWHcvE08,YouTube
Lại có quần áo mới mặc rùi,https://youtu.be/lcONWHcvE08,YouTube
Hãy nói theo cách của bạn và thu tiền theo cách của chúng tôi xD,https://youtu.be/lcONWHcvE08,YouTube
"1:22 Đoạn này chính là panel 5 giây mới của viettel sau khi tái định vị thương hiệu. Kính chúc viettel ngày càng vững mạnh và phát triển, xứng đáng với niềm tin của KHÁCH HÀNG!",https://youtu.be/lcONWHcvE08,YouTube
Chữ V không được viết hoa. Nản,https://youtu.be/lcONWHcvE08,YouTube
Vô cảm ???,https://youtu.be/lcONWHcvE08,YouTube
"Thật sự mình thấy logo mới ko đẹp bằng cái cũ, slogan cụt ngủn ( ý kiến cá nhân )",https://youtu.be/lcONWHcvE08,YouTube
VT nên tham khảo các nhà ngôn ngữ học ?,https://youtu.be/lcONWHcvE08,YouTube
Mn cho e hỏi tí sao logo mới chữ V trong từ viet ko đc viết hoa vậy,https://youtu.be/lcONWHcvE08,YouTube
"Ui, nhìn như cái j ko biết, thương hiệu viettel cũ là tầm cao rồi. Bây giờ nhìn cái này mất luôn giá trị của nó, cứ chờ xem",https://youtu.be/lcONWHcvE08,YouTube
"Cái gì theo cách của bạn,slogen cộc,thiếu chủ ngữ...bỏ ngay.",https://youtu.be/lcONWHcvE08,YouTube
Đào coin nữa đê,https://youtu.be/lcONWHcvE08,YouTube
Họ chỉ là cái vỏ thôi. Sự trì trệ cửa thể chế cũ vẫn còn nguyên.,https://youtu.be/w2oAc-l-5PQ,YouTube
Tự hào quá Việt Nam ơi,https://youtu.be/w2oAc-l-5PQ,YouTube
"Tuyệt vời một doanh nghiệp Việt Nam đã vươn tới thế giới, thật tự hào.",https://youtu.be/w2oAc-l-5PQ,YouTube
Xem lại quảng cáo xưa,https://youtu.be/IVDCGIkAKDE,YouTube
"Riêng về Internet thì mạng của Viettel là mạnh nhé, dùng khỏe, cước hợp lí..đang sử dụng gói combo Internet + THS. hài lòng",https://youtu.be/IVDCGIkAKDE,YouTube
"Lừa đảo gì thế mọi người, đang định lắp mạng VT mà nghe thấy chùn quá!",https://youtu.be/IVDCGIkAKDE,YouTube
Mình cập nhật rồi mà sao vẫn thông tin ng khác vậy,https://youtu.be/B3XDhljbUjg,YouTube
Ngày tháng năm sinh trên cmnd khác với cccd hệ thống k cho cập nhật. Vậy phải ra cửa hàng à.,https://youtu.be/B3XDhljbUjg,YouTube
làm đủa các kiểu theo huwosng dẫn cũng ko quét được,https://youtu.be/B3XDhljbUjg,YouTube
"quét mãi ko dc là sao
phức tạp thế",https://youtu.be/B3XDhljbUjg,YouTube
app vẫn lỗi hay sao ấy chứ có quét được đâu,https://youtu.be/B3XDhljbUjg,YouTube
"ý tưởng quảng cáo rất hay.
Ủng hộ Viettel. Like 4gViettel",https://youtu.be/RIzBlk0-1qM,YouTube
great,https://youtu.be/RIzBlk0-1qM,YouTube
chờ mimax 4g đã lâu,https://youtu.be/RIzBlk0-1qM,YouTube
"Đúng là thời đại công nghệ có khác, 3G mình cũng thấy thích rồi giờ tốc độ 4G lại nhanh hơn 7 - 10 lần 3G nưa. Thế thì cuộc đời còn cái gì bằng",https://youtu.be/jPMuWXWOH_w,YouTube
Ông chú viettel chiều lòng giới trẻ quá...,https://youtu.be/jPMuWXWOH_w,YouTube
"Quảng cáo chất, ngắn nhưng mà hiểu dc",https://youtu.be/jPMuWXWOH_w,YouTube
"không giới hạn lưu lượng thế này thì thích rồi , dùng mạng khỏe lại còn rẻ nữa",https://youtu.be/jPMuWXWOH_w,YouTube
hy vọng sau này còn nhiều gói cước hay hơn nữa,https://youtu.be/jPMuWXWOH_w,YouTube
Chờ mãi cũng ra gói cước này,https://youtu.be/jPMuWXWOH_w,YouTube
"Điều tôi mong chờ cũng chỉ cần như thế thôi, nhanh và rẻ",https://youtu.be/jPMuWXWOH_w,YouTube
Hóng mãi mới ra :v,https://youtu.be/jPMuWXWOH_w,YouTube
"video có ý nghĩa đấy, chờ mãi gói mimax4G",https://youtu.be/jPMuWXWOH_w,YouTube
Phút 0:07 k hiểu sao tôi nổi hết da gà.,https://youtu.be/jPMuWXWOH_w,YouTube
"nhanh rẻ thế này thì phê rồi , mãi mới chịu ra gói này",https://youtu.be/jPMuWXWOH_w,YouTube
"nó đã thay cho gói mimax cũ của mình, hay quá",https://youtu.be/jPMuWXWOH_w,YouTube
Có gói trọn gói rồi. Đăng ký dùng gói này cho thích. Cước tính ra còn rẻ hơn gói 3G,https://youtu.be/jPMuWXWOH_w,YouTube
a nam chính đẹp zai thế :3,https://youtu.be/jPMuWXWOH_w,YouTube
trai đẹp hê hê,https://youtu.be/jPMuWXWOH_w,YouTube
đăng ký trên này cho tiện,https://youtu.be/jPMuWXWOH_w,YouTube
"Sếp cũng đang sài 4G viettel mà. shy ơi, say oh yeah!!!!!!!!!!",https://youtu.be/jPMuWXWOH_w,YouTube
Có 4G tốc độ thật tốt,https://youtu.be/jPMuWXWOH_w,YouTube
ngon chờ gói max mãi giờ mới có hehe,https://youtu.be/jPMuWXWOH_w,YouTube
"Tôi chỉ cầm mạng 3g chạy với tốc độ đúng nghĩa,chứ không cần mạng 4g chạy như 2g",https://youtu.be/jPMuWXWOH_w,YouTube
"có gói cước là được rồi, trước không biết toàn dùng chay tốn pin lắm",https://youtu.be/jPMuWXWOH_w,YouTube
Có mimax4G mới dám đổi sim 4G dùng đó chứ dùng chay thì mặn lắm,https://youtu.be/jPMuWXWOH_w,YouTube
sau bao ngày chờ đợi thì Mimax4G cũng về bản :P mừng rơi nc mắt,https://youtu.be/jPMuWXWOH_w,YouTube
"Mình cũng đang sài Mimax 4G rồi, nói chung dùng phê thật.",https://youtu.be/jPMuWXWOH_w,YouTube
giờ dùng 4G phê.,https://youtu.be/jPMuWXWOH_w,YouTube
"về các gói 4G thì thấy công bằng giờ thì có mimax4G đang chiếm ưu thế về không giới hạn lưu lượng, nhưng lưu lượng được tặng hơi ít",https://youtu.be/jPMuWXWOH_w,YouTube
Chốt lại mạng rẻ sóng khỏe ngon vlin,https://youtu.be/jPMuWXWOH_w,YouTube
Hóng mãi e này giờ mới thấy ra lò :v,https://youtu.be/jPMuWXWOH_w,YouTube
"Dù sao thì Viettel cũng có 4G đầu tiên, hy vọng các nhà mạng còn lại cũng có gói tương Mimax4G trong tương lai",https://youtu.be/jPMuWXWOH_w,YouTube
"Mong chờ gói này lâu lắm rồi đấy, haha",https://youtu.be/jPMuWXWOH_w,YouTube
nhanh mà rẻ thì đúng tiêu chí của ng tiêu dùng rồi,https://youtu.be/jPMuWXWOH_w,YouTube
Gói này dùng quá chi là mượt,https://youtu.be/jPMuWXWOH_w,YouTube
Đúng là biết lấy lòng khách như mấy chị bán rau luôn mua 1 mỡ 5k mua 2 mỡ thì chỉ phải trả 8k ^_^,https://youtu.be/jPMuWXWOH_w,YouTube
klq nhưng Anh mua hoa đẹp zai quá đi,https://youtu.be/jPMuWXWOH_w,YouTube
nhanh hơn lại rẻ hơn thì tội gì mà k dùng chứ,https://youtu.be/jPMuWXWOH_w,YouTube
dùng gói này mà chơi game thì phê phải biết,https://youtu.be/jPMuWXWOH_w,YouTube
"Ra được gói mimax là tốt rồi, có tiến bộ đó",https://youtu.be/jPMuWXWOH_w,YouTube
e nói thật chứ bây giờ 4G còn khỏe hơn wifi nhiều.,https://youtu.be/jPMuWXWOH_w,YouTube
Cứ thế này thì chả mấy chốc nữa chả ma nào dùng 3G haha,https://youtu.be/jPMuWXWOH_w,YouTube
Mình mong chờ gói cước đã lâu lắm rồi,https://youtu.be/jPMuWXWOH_w,YouTube
"Theo đánh giá sơ bộ thì video quay rất tốt, bố trí, ánh sáng rất đẹp. đặc biệt hơn nữa là k quá dài dòng lê thê vẫn có thể truyển tải được hết nội dung thông điệp",https://youtu.be/jPMuWXWOH_w,YouTube
Đáng yêu ghê :v,https://youtu.be/jPMuWXWOH_w,YouTube
rẻ là thích rồi,https://youtu.be/jPMuWXWOH_w,YouTube
Rẻ hơn lại nhanh hơn thì tội gì mà không đăng ký :3,https://youtu.be/jPMuWXWOH_w,YouTube
có đứa nào chơi vaingroly bằng 4G giống t hơm :v,https://youtu.be/jPMuWXWOH_w,YouTube
Bao lâu nay mong giờ đã có mimax xịn hẳn trên nền 4G :D,https://youtu.be/jPMuWXWOH_w,YouTube
mới có gói mimax4G thơm vãi,https://youtu.be/jPMuWXWOH_w,YouTube
"Gói này mới đăng ký xong, không giới hạn tốc độ thế mới yêu chứ",https://youtu.be/jPMuWXWOH_w,YouTube
Chậm hơn cả 3g vina,https://youtu.be/jPMuWXWOH_w,YouTube
Cần lắm link anh đẹp trai này......,https://youtu.be/jPMuWXWOH_w,YouTube
đã ông nào đăng kí chưa?? hóng ~~,https://youtu.be/jPMuWXWOH_w,YouTube
anh em sky sài 4G có vẻ đông quá nhỉ,https://youtu.be/jPMuWXWOH_w,YouTube
"Mới đăng ký gói này xong thấy tốc độ nhanh mà rẻ hơn các gói 3G trước thật
p/s: anh diễn viên đóng quảng cáo đẹp trai quá :v",https://youtu.be/jPMuWXWOH_w,YouTube
Fan sky - 4G điểm danh #213,https://youtu.be/jPMuWXWOH_w,YouTube
"Ngon đây, a thích rồi đấy",https://youtu.be/jPMuWXWOH_w,YouTube
gói cước rẻ quá đi <3 mong sẽ có nhiều gói khác hơn nữa,https://youtu.be/jPMuWXWOH_w,YouTube
Website hỗ trợ đăng ký Mimax4G nhanh tại đây: http://4g-viettel.vn/products/mimax4g-song-khoe-gia-re#,https://youtu.be/jPMuWXWOH_w,YouTube
"Công nhận Viettel phủ sóng 4g nhanh thật, chẳng mấy nữa 3g sẽ lui vào hậu cung như 2g thôi",https://youtu.be/jPMuWXWOH_w,YouTube
90k mà được 2Gb lại còn dùng thả ga thi ai mà chả thích,https://youtu.be/jPMuWXWOH_w,YouTube
"Dùng Vina 4G sóng kém chập chờn chán vc, anh em cho tí động lực chuyển nhà mạng cái",https://youtu.be/jPMuWXWOH_w,YouTube
cũng k nghĩ là 4g lại có mimax nhanh đến vậy,https://youtu.be/jPMuWXWOH_w,YouTube
Có 4G đời không phải chờ rồi,https://youtu.be/jPMuWXWOH_w,YouTube
"ngóng mãi mới có gói không giới hạn cho 4G, trước toàn gói có giới hạn",https://youtu.be/jPMuWXWOH_w,YouTube
"4G Công nhận dùng không khác wifi mấy, giờ có gói mimax này thì yên tâm :D",https://youtu.be/jPMuWXWOH_w,YouTube
Giờ 4G còn rẻ hơn cả 3G rồi,https://youtu.be/jPMuWXWOH_w,YouTube
thêm 20k mà được dung lượng gấp 3. quất thôi,https://youtu.be/jPMuWXWOH_w,YouTube
"4G còn rẻ hơn cả 3G, thiệt là vi diệu mà",https://youtu.be/jPMuWXWOH_w,YouTube
Công nhận Mimax4G rẻ mà mạng lại nhanh nữa chứ :D,https://youtu.be/jPMuWXWOH_w,YouTube
4g mà rẻ hơn 3g thì tội gì k dùng cơ chứ,https://youtu.be/jPMuWXWOH_w,YouTube
iPhone Viettel việt mà không phải đi học không phải là người yêu em anh yêu 3G,https://youtu.be/jPMuWXWOH_w,YouTube
Cái này thà mua một cái sim 3g hoặc là sim ĐOM dùng còn sướng hơn. 100.000 là có 7bg xài thoải mái luon.,https://youtu.be/jPMuWXWOH_w,YouTube
mimax4g ngon rẻ,https://youtu.be/jPMuWXWOH_w,YouTube
"Ngóng mãi giờ em nó mới chịu ló mặt ra ngoài, anh em kêu dùng 4g đắt lắm tốn lắm nhưng ra gói này thấy khen hết nhời",https://youtu.be/jPMuWXWOH_w,YouTube
4G dùng đã thích rồi mà mấy nữa ra 5G thì khéo lại bỏ hết wiffi đi dùng mạng kiểu này ấy.,https://youtu.be/jPMuWXWOH_w,YouTube
Mình cáo thu hút nhỉ? Có zai đẹp vẫn hơn hehe,https://youtu.be/jPMuWXWOH_w,YouTube
"4G tốc độ siêu nhanh, mimax4g siêu ưu đãi",https://youtu.be/jPMuWXWOH_w,YouTube
"Quảng cáo hay gớm, Viettel ra gói không giới hạn lưu lượng MIMAX4G này hợp lý quá",https://youtu.be/jPMuWXWOH_w,YouTube
Viettel,https://youtu.be/jPMuWXWOH_w,YouTube
Thế là cũng ra mimax4g rồi đó hả  ok đấy nhỉ,https://youtu.be/jPMuWXWOH_w,YouTube
Quỳ,https://youtu.be/jPMuWXWOH_w,YouTube
Viettel tv 360,https://youtu.be/jPMuWXWOH_w,YouTube
"Với chuẩn mạng 4g, đúng ra, khi người dùng sử dụng hết tốc độ cao 30-70mkb/giây thì tốc độ sẽ giảm xuống còn  3-5 mkb/giây. 3-5mkb/giây là tốc độ vừa đủ cho người dùng lướt web,facebook,zalo, đọc báo,nghe nhạc, xem vdeo trên youtube dù chất lượng video không phải là cao nhất.3-5mkb/giây ,đây là tốc độ trung bình .dưới 3mkb/giây  là tốc độ thấp .",https://youtu.be/jPMuWXWOH_w,YouTube
cứ rẻ là mình dùng thôi :),https://youtu.be/jPMuWXWOH_w,YouTube
"Giờ 4G là xu thế, ai ai cũng dùng 4G, đâu đâu cũng nói về 4G. Mình k dùng 4g chắc thành lạ hậu mất các bác nhỉ",https://youtu.be/jPMuWXWOH_w,YouTube
đăng kí như nào nhỉ?,https://youtu.be/jPMuWXWOH_w,YouTube
"hay quá, chờ mãi thì cũng có mimax 4G",https://youtu.be/jPMuWXWOH_w,YouTube
công nhận 4g dùng ok hơn 3g,https://youtu.be/jPMuWXWOH_w,YouTube
vừa đúng lúc hết hạn 3G đăng ký luôn max 4G :)),https://youtu.be/jPMuWXWOH_w,YouTube
"T vẫn dùng 3g mimaxsv  thôi mimax4g sao rẻ hơn dk , hết tốc độ cao mà như nhau thì 3g là lựa chọn duy nhẩt",https://youtu.be/jPMuWXWOH_w,YouTube
"Rẻ hơn thật gói mimax90 có 1,2GB, gói này hơn gần 1GB",https://youtu.be/jPMuWXWOH_w,YouTube
Trước góp ý vs ông vt cần có gói mimax4g jo có thật :)),https://youtu.be/jPMuWXWOH_w,YouTube
Đã test hết 2gb tốc độ cao như chậm hơn rùa bò. Dùng mimax 90 ngon hơn nha!,https://youtu.be/jPMuWXWOH_w,YouTube
"Sao tui dùng Vina mà 100k được có 1,2Gb trong khi đó còn mất sóng sánh các thứ. Mng dùng 4G gói ko giới hạn này tnao? Cho tui ít nhận xét để xem xét lại",https://youtu.be/jPMuWXWOH_w,YouTube
"mình thích dùng 4G thôi, cần gì biết rẻ hơn ko :3",https://youtu.be/jPMuWXWOH_w,YouTube
dùng rồi mà :v,https://youtu.be/jPMuWXWOH_w,YouTube
ồ thảm nào bọn bạn bỏ hết 3G lên 4,https://youtu.be/jPMuWXWOH_w,YouTube
"90:000 tháng chỉ có 2gb dùng hết 2gb là tốc độ chậm như rùa bò. Mọi người đừng nên cài gói này làm gì,tốn tiền lắm, nếu vậy tha à Mùa sim DCOM hoặc sim 3g xài còn sướng hơn",https://youtu.be/jPMuWXWOH_w,YouTube
"ý tưởng: mua 3=10.000đ,mua 4=5.000đ
như sau:
4G gấp 2 lần so với 3G. phép tính: ( 10.000 : 2= 5.000 (đ) )
: là ví dụ 4G so với 3G 
2 là 4G gấp 2 lần",https://youtu.be/jPMuWXWOH_w,YouTube
Tốc độ nhanh hơn 3G 7- 10 lần mà giá lại rẻ hơn cả 3G thì tội gì phải dùng 3G nhỉ. hihi,https://youtu.be/jPMuWXWOH_w,YouTube
1 ngày cho 2GB à ae,https://youtu.be/jPMuWXWOH_w,YouTube
Chả khác méo gì 3g. Hết tốc độ cao là chạy như rùa. Đợt này mà cho chuyển mạng là t sang vs vina,https://youtu.be/jPMuWXWOH_w,YouTube
"Đang xài Mimax3g 70k ,chuyển sang Mimax4g 90k tốn thêm 20k, cho thêm vài G tốc độ cao lên xem video lát cũng hết sạch thôi. Bạn muốn nhanh hơn tốn tiền hơn",https://youtu.be/jPMuWXWOH_w,YouTube
Mạng 4g mà như 2g ấy,https://youtu.be/jPMuWXWOH_w,YouTube
"Đkm chờ lâu vl cuối cùng cũng chịu ra gói 4G k giới hạn, cứ toàn cắt mạng khi sử dụng hết dung lượng chắc tao éo dùng 4G luôn.",https://youtu.be/jPMuWXWOH_w,YouTube
QUẢNG CÁO VÔ LÝ!!!,https://youtu.be/jPMuWXWOH_w,YouTube
Giới thiệu xàm 3g vs 4g là gói cước khác nhau còn cái bông thì 1 loại sao đéo quảng cáo cũng là 3g mà 1 cái 100M chỉ 10k với 1 cái 100M chỉ 5k,https://youtu.be/jPMuWXWOH_w,YouTube
Quảng cáo nhanh gọn mà xúc tích quá. Giờ Viettel ra gói cước Mimax4G vừa nhanh mà giá cả cũng hợp lý.,https://youtu.be/jPMuWXWOH_w,YouTube
"giá rẻ sóng khoẻ nhưng k phải nhanh, dm nó láo có 2gb tốc độ thường,tốc độ thường như qq vậy, đang sd và rất ức chế luôn,thà dk 4G40 còn hơn cái 4g mimax,nó chỉ ngang 4G70 
tốc độ thường bỏ mẹ đi 
toàn hút máu,ai trải nghiệm thử bít liền",https://youtu.be/jPMuWXWOH_w,YouTube
#không giới hạn luôn à. Riêng tao dùng 3G 2 năm nay chỉ đăng ký gói mimax.. đến lên 4G rồi thì toàn gói giới hạn dung lượng gét vc ... bỏ k dùng 4G bao lâu rồi. tao chờ ngày dùng 4G lâu lắm rồi ông chú ạ...,https://youtu.be/jPMuWXWOH_w,YouTube
"Gói này chậm như rùa, quảng cáo lừa đảo :) tốc độ nhanh dùng vài phút đầu là hết, còn lại thì ôi thôi xem cái vid này thôi cũng mất 5ph load r",https://youtu.be/jPMuWXWOH_w,YouTube
"Một câu chuyện cảm động.

Mình suýt khóc, lúc cô bé ngước mắt lên nhìn bố!

<3",https://youtu.be/tH-9sihDHls,YouTube
"cách thay đổi tốt nhất là giảm giá cước 3G & tăng tốc độ lên chứ đừng dùng mấy cái cljp nhảm này để pr nữa, thân gửi phùng quang thanh -_-",https://youtu.be/tH-9sihDHls,YouTube
Mình xin link quảng cáo này bản giọng bắc với ạ. Mình ko tìm được bản giọng bắc bộ,https://youtu.be/tH-9sihDHls,YouTube
Sao trang nghe nhạc mobile lại lấy giao diện của Zing Mp3,https://youtu.be/tH-9sihDHls,YouTube
xâm phạm đời tư cá nhân.,https://youtu.be/tH-9sihDHls,YouTube
TVB - 01/01/2025,https://youtu.be/MCK0Tp5Ms2Y,YouTube
july 2019,https://youtu.be/MCK0Tp5Ms2Y,YouTube
Chắc cái này cũng chỉ áp dụng cho sim Viettel :3,https://youtu.be/MCK0Tp5Ms2Y,YouTube
iOS,https://youtu.be/MCK0Tp5Ms2Y,YouTube
DATA này 15k 1 ngày ạ,https://youtu.be/MCK0Tp5Ms2Y,YouTube
Sao m k hủy đc gói này nhỉ,https://youtu.be/MCK0Tp5Ms2Y,YouTube
"15k t đăng kí 5k 3gb 1 ngày, 3 ngày 9gb cmnr",https://youtu.be/MCK0Tp5Ms2Y,YouTube
Đây là commen đầu nhưng tao muốn nói. Chúng mày thôi chiếu quảng cáo được không phiền quá luôn đấy!!!!!!!!!!!!!!!!!!!!!!!,https://youtu.be/6cogq1z3RzQ,YouTube
Rất hay,https://youtu.be/4Ryf54Lx61g,YouTube
Nhạc hay,https://youtu.be/4Ryf54Lx61g,YouTube
.,https://youtu.be/4Ryf54Lx61g,YouTube
"Có ai thấy ông Hoa giống ông thẩm phán trong ""Ký sự pháp đình"" ko? (Chỉ ai có xem mới hiểu đc)",https://youtu.be/4Ryf54Lx61g,YouTube
Sao sim của e ko nhạn dc vậy ad,https://youtu.be/4Ryf54Lx61g,YouTube
Co dc k z,https://youtu.be/4Ryf54Lx61g,YouTube
Cho em hỏi gói nào tháng hai ba chục mà nhanh hơn wifi vậy.  Em chi hẳn hai ba trăm này,https://youtu.be/4Ryf54Lx61g,YouTube
Nhạc nền tên j v ạ ?,https://youtu.be/4Ryf54Lx61g,YouTube
Một video y nghĩa. Mong Viettel có thêm nhiều dịch vụ hay và có y nghĩa hjhj,https://youtu.be/YOREXHpe4cY,YouTube
Chi mình hỏi agency nào làm video này vậy,https://youtu.be/YOREXHpe4cY,YouTube
"Tháng xài làm sao mà có 20-30 ngàn mà nhanh hơn wifi, đang xài viettel mà nghe quảng cáo xạo xạo mắc ghét.",https://youtu.be/YOREXHpe4cY,YouTube
Ai biết tặng như nào không nhỉ,https://youtu.be/YOREXHpe4cY,YouTube
Tên nhạc nền là j v ạ?,https://youtu.be/YOREXHpe4cY,YouTube
TỔNG CỤC HẦU CÂN,https://youtu.be/YOREXHpe4cY,YouTube
Cho chị hỏi sim chính chủ nhưng ít nộp tiền hạn rất ngắn giờ chị phải làm sao cho hạn dài ngày em nhỉ,https://youtu.be/akmhwPGMZfM,YouTube
"Hồi trước mình đi lính. Sim mình dùng gói Economy. Đối với gói Economy có cú pháp N <Số ngày gia hạn> 5225.
1 ngày = 1000đ
VD: N 730 gửi 5225. Tức là mình gia hạn 365x2= 730 ngày(730.000đ) = 2 năm đi lính. Ra quân mình về sử dụng bình thường KKKK
Cách này nhanh hơi tốn tiền",https://youtu.be/akmhwPGMZfM,YouTube
E nạp 30k chỉ thêm dc 6 ngày gọi nội mạng hay đăng ký gói trả trước ko ko thấy tăng là sao a,https://youtu.be/akmhwPGMZfM,YouTube
"E có dịch vụ economy để duy trì sim, phải nạp tiền vào gia hạn 6 ngày, hết 6 ngày là bị chặn 1 chiều phải làm sao ạ",https://youtu.be/akmhwPGMZfM,YouTube
Là tài khoản TOMATO phải không em ?,https://youtu.be/akmhwPGMZfM,YouTube
Bên có bán sim đó ko,https://youtu.be/akmhwPGMZfM,YouTube
sim mua về để lâu chưa kích hoạt có bị khoá không anh,https://youtu.be/akmhwPGMZfM,YouTube
Đi lính rồi thì sao xài nhỉ,https://youtu.be/akmhwPGMZfM,YouTube
Tui thề là thấy quang hải tôi mới vào xem quảng cáo thôi..k bao jo ưa quảng cáo,https://www.youtube.com/watch?v=3bGcE4htGrI,YouTube
"Số người mở YouTube lên thấy là cái MV đầu,với thấy Quang Hải là vào ngay",https://www.youtube.com/watch?v=3bGcE4htGrI,YouTube
"Vô xem vì có QUANG HẢI
Hải đẹp zai quá",https://www.youtube.com/watch?v=3bGcE4htGrI,YouTube
Xem vì a quang hải,https://www.youtube.com/watch?v=3bGcE4htGrI,YouTube
"0:15 nhìn mặt ông Hải nhảy nhìn dễ thương mún xỉu, căng thẳng dữ   Xem vì có a Hải đấy",https://www.youtube.com/watch?v=3bGcE4htGrI,YouTube
tự nhiên thấy bạn Hải nên vào coi  nhảy dth quá,https://www.youtube.com/watch?v=3bGcE4htGrI,YouTube
Thấy có bà Phương bay vô coi liền,https://www.youtube.com/watch?v=3bGcE4htGrI,YouTube
Vô đây xem vì có Quang Hải,https://www.youtube.com/watch?v=3bGcE4htGrI,YouTube
Thấy Quang hải nên vào xem   hâm mộ quang hải ghê,https://www.youtube.com/watch?v=3bGcE4htGrI,YouTube
Nhìn anh Hải nhảy dễ thương quá,https://www.youtube.com/watch?v=3bGcE4htGrI,YouTube
Tui thề tui ko bao h coi quảng cáo tại vì có Quang Hải nên tui mới vào và like thôi chứ tui rét coi quảng cáo lắm lun í,https://www.youtube.com/watch?v=3bGcE4htGrI,YouTube
Thấy Quang Hải mới vào chứ không đời nào vào xem quang cao âu,https://www.youtube.com/watch?v=3bGcE4htGrI,YouTube
Buổi sáng hơn 1 triệu view mà chiều đã hơn 4 triệu view rồi.Đúng là sức hút của Quang Hải và Bích Phương thật khủng,https://www.youtube.com/watch?v=3bGcE4htGrI,YouTube
Hải cưng quá,https://www.youtube.com/watch?v=3bGcE4htGrI,YouTube
Quang hải ngầu quá,https://www.youtube.com/watch?v=3bGcE4htGrI,YouTube
Xem vì có Phương and có Quang Hải nè ️️️,https://www.youtube.com/watch?v=3bGcE4htGrI,YouTube
tui xem vd này vì Quang Hải thôi:>>>,https://www.youtube.com/watch?v=3bGcE4htGrI,YouTube
Tui thấy quang hải mới vào xem hì,https://www.youtube.com/watch?v=3bGcE4htGrI,YouTube
Hai anh chị đẹp đôi quá,https://www.youtube.com/watch?v=3bGcE4htGrI,YouTube
"Xem vì a Quang Hải đấy
Dạo này a đẹp trai ghê luôn đó ta",https://www.youtube.com/watch?v=3bGcE4htGrI,YouTube
Xem quang cao vi a quanh hai soai ca.Chúc sp bán chay so 1 việt nam,https://www.youtube.com/watch?v=3bGcE4htGrI,YouTube
Nếu ko có Quang Hải thì tôi ko xem quảng cáo này,https://www.youtube.com/watch?v=3bGcE4htGrI,YouTube
"sao t cứ thấy chữ VT nhớ lại tuổi thơ ""hãy nói theo cách của bạn""",https://www.youtube.com/watch?v=3bGcE4htGrI,YouTube
Vo xem quang cao nay vi co quang hai,https://www.youtube.com/watch?v=3bGcE4htGrI,YouTube
"Xem vì anh Phươngggg
Anh đáng yêu quá",https://www.youtube.com/watch?v=3bGcE4htGrI,YouTube
"Có Q Hải tui mới vô coi á chứ bth k thik quảng cáo tí lào. Múa thì cute ,đẹp trai, k biết diễn nên nhìn đơ đơ. Má ơi chắc chớt",https://www.youtube.com/watch?v=3bGcE4htGrI,YouTube
Anh Quang Hải đẹp trai nhất,https://www.youtube.com/watch?v=3bGcE4htGrI,YouTube
Bà phương xinh thế ..chất dính bùa của bà này quá...kkk,https://www.youtube.com/watch?v=3bGcE4htGrI,YouTube
Xem vì anh hải,https://www.youtube.com/watch?v=3bGcE4htGrI,YouTube
Thấy quang hải là nhào vô liền,https://www.youtube.com/watch?v=3bGcE4htGrI,YouTube
Ước gì được yêu Qang Hải,https://www.youtube.com/watch?v=3bGcE4htGrI,YouTube
Viettel khôn thiệt mời quang hải đóng quảng cáo nên mới thu hút ng xem,https://www.youtube.com/watch?v=3bGcE4htGrI,YouTube
Quang Hải đẹp trai làm gì cũng đẹp nhỉ nhảy còn đẹp nữa,https://www.youtube.com/watch?v=3bGcE4htGrI,YouTube
Dùng Viettel++ dùng luôn cả em này,https://www.youtube.com/watch?v=3bGcE4htGrI,YouTube
"Nhìn a là chết òi 
Đẹp quá a Hải ơi",https://www.youtube.com/watch?v=3bGcE4htGrI,YouTube
Ờờờ... tôi tới đây để nghe nhạc,https://www.youtube.com/watch?v=3bGcE4htGrI,YouTube
Mình chỉ thích xem quang hải khi mà quang hải đang đá bóng cho đội tuyển,https://www.youtube.com/watch?v=3bGcE4htGrI,YouTube
Thích bà phương qué,https://www.youtube.com/watch?v=3bGcE4htGrI,YouTube
Nhạc hay lắm,https://www.youtube.com/watch?v=3bGcE4htGrI,YouTube
Những gì liên quan đến Quang Hải là thích xem,https://www.youtube.com/watch?v=3bGcE4htGrI,YouTube
Xem vì Bích Phương xinh đẹp của tui..,https://www.youtube.com/watch?v=3bGcE4htGrI,YouTube
khúc cưới 2 người tình cảm ghê,https://www.youtube.com/watch?v=3bGcE4htGrI,YouTube
Quang Hải đáng yêu,https://www.youtube.com/watch?v=3bGcE4htGrI,YouTube
Vô vì a hải,https://www.youtube.com/watch?v=3bGcE4htGrI,YouTube
Tôi thấy quang hải trong quảng cáo cho nên tôi mới xem thôi chứ tôi kh bao h tôi xem quảng cáo cái j hết vì ah Quang Hải rất đẹp trai và đá bóng rất giỏi,https://www.youtube.com/watch?v=3bGcE4htGrI,YouTube
B.Phương xinh quá điiii,https://www.youtube.com/watch?v=3bGcE4htGrI,YouTube
Xem qc vì  có quang hải,https://www.youtube.com/watch?v=3bGcE4htGrI,YouTube
Vì Bác PHƯƠNG nên tôi click vào xem video này,https://www.youtube.com/watch?v=3bGcE4htGrI,YouTube
Lần đầu nghe Quang Hải hát hay thế,https://www.youtube.com/watch?v=3bGcE4htGrI,YouTube
Nhìn Hải cute quá tr,https://www.youtube.com/watch?v=3bGcE4htGrI,YouTube
dùng viettel bao nhiêu năm nay vẫn thích chẳng có ý nghĩ là đổi mạng khác chất lượng dịch vụ cũng như chăm sóc khách hàng cảm thấy ok,https://www.youtube.com/watch?v=3bGcE4htGrI,YouTube
iu Quang Hải nhiềuuuuuuuuuuuuu,https://www.youtube.com/watch?v=3bGcE4htGrI,YouTube
E rất thik xem những video cs a Quang Hải luôn,https://www.youtube.com/watch?v=3bGcE4htGrI,YouTube
Vào xem chỉ vì có Quang Hải,https://www.youtube.com/watch?v=3bGcE4htGrI,YouTube
Ai thấy Quang Hải mới vào xem điểm danh đi.,https://www.youtube.com/watch?v=3bGcE4htGrI,YouTube
Vì muốn biết tên bản nhạc gốc nên vào xem :)),https://www.youtube.com/watch?v=3bGcE4htGrI,YouTube
Anh chị dễ thương thật sự,https://www.youtube.com/watch?v=3bGcE4htGrI,YouTube
Thấy Quang Hải nên vào xem. Thích Quang Hải,https://www.youtube.com/watch?v=3bGcE4htGrI,YouTube
"có a Hải mới xem thôi, xem mấy chục lần cũng ko chán",https://www.youtube.com/watch?v=3bGcE4htGrI,YouTube
Quang Hải đẹp trai quá ước gì được gặp Quang Hải,https://www.youtube.com/watch?v=3bGcE4htGrI,YouTube
Chị Phương xinh đẹp,https://www.youtube.com/watch?v=3bGcE4htGrI,YouTube
hai người đóng quảng cáo dễ thương ghê,https://www.youtube.com/watch?v=3bGcE4htGrI,YouTube
Fan Quang Hải,https://www.youtube.com/watch?v=3bGcE4htGrI,YouTube
Xem vì bích phương =)),https://www.youtube.com/watch?v=3bGcE4htGrI,YouTube
yêu quang hải,https://www.youtube.com/watch?v=3bGcE4htGrI,YouTube
Coi mấy lần mà vẫn thích vì có Quang Hải,https://www.youtube.com/watch?v=3bGcE4htGrI,YouTube
Hải nhảy đẹp ghê,https://www.youtube.com/watch?v=3bGcE4htGrI,YouTube
Yêu QH.Fan chân chính.Mình rât mê đá bóng cå nc ngoài lân VN.,https://www.youtube.com/watch?v=3bGcE4htGrI,YouTube
Vô xem vì ah Hải,https://www.youtube.com/watch?v=3bGcE4htGrI,YouTube
"Thấy Quang Hải nên vào xem,  Quang Hải dễ thương quá",https://www.youtube.com/watch?v=3bGcE4htGrI,YouTube
Quang hại nhảy dễ thương quá đi,https://www.youtube.com/watch?v=3bGcE4htGrI,YouTube
Quang hải nhảy đáng yêu ghê,https://www.youtube.com/watch?v=3bGcE4htGrI,YouTube
Vô xem chỉ vì có Quang Hải,https://www.youtube.com/watch?v=3bGcE4htGrI,YouTube
Quang hải dep trai,https://www.youtube.com/watch?v=3bGcE4htGrI,YouTube
Vì Hải tui mới vào đấy có Hải là vào liền,https://www.youtube.com/watch?v=3bGcE4htGrI,YouTube
Anh Quang Hải dễ thương mà lại còn đẹp trai nữa,https://www.youtube.com/watch?v=3bGcE4htGrI,YouTube
Hãy quá,https://www.youtube.com/watch?v=3bGcE4htGrI,YouTube
"Ù ôi,  Hải ghê nhờ",https://www.youtube.com/watch?v=3bGcE4htGrI,YouTube
Oppa Hải,https://www.youtube.com/watch?v=3bGcE4htGrI,YouTube
Chỉ xem vì có Quang Hải thôi.,https://www.youtube.com/watch?v=3bGcE4htGrI,YouTube
Hai dep trai qua,https://www.youtube.com/watch?v=3bGcE4htGrI,YouTube
Tui vì quang Hải mới vô đây,https://www.youtube.com/watch?v=3bGcE4htGrI,YouTube
Hay qua,https://www.youtube.com/watch?v=3bGcE4htGrI,YouTube
bác phương đưa tui đến đây,https://www.youtube.com/watch?v=3bGcE4htGrI,YouTube
Xem vì có Quang Hải,https://www.youtube.com/watch?v=3bGcE4htGrI,YouTube
Xem vì Bích Phương :)),https://www.youtube.com/watch?v=3bGcE4htGrI,YouTube
Đẹp quá,https://www.youtube.com/watch?v=3bGcE4htGrI,YouTube
Coi quang cao nay la me,https://www.youtube.com/watch?v=3bGcE4htGrI,YouTube
Hệhee hai ông bà đáng yêu quá,https://www.youtube.com/watch?v=3bGcE4htGrI,YouTube
Có quang Hải nên  mới xem đấy,https://www.youtube.com/watch?v=3bGcE4htGrI,YouTube
Vì có quang hải nên mới vô xem,https://www.youtube.com/watch?v=3bGcE4htGrI,YouTube
"Em Hải rất đẹp trai, phong cách chững chạc",https://www.youtube.com/watch?v=3bGcE4htGrI,YouTube
bao năm vẫn thấy dùng viettel thích nhất,https://www.youtube.com/watch?v=3bGcE4htGrI,YouTube
Anh quang hải đẹp trai quá,https://www.youtube.com/watch?v=3bGcE4htGrI,YouTube
Có Quang Hải nên tôi mới like,https://www.youtube.com/watch?v=3bGcE4htGrI,YouTube
Quang Hải đẹp traiii,https://www.youtube.com/watch?v=3bGcE4htGrI,YouTube
Tik tok đưa tôi đến đây,https://www.youtube.com/watch?v=3bGcE4htGrI,YouTube
Vào xem vì Quang Hải,https://www.youtube.com/watch?v=3bGcE4htGrI,YouTube
Sao thấy ai cũng vào xem vì có Quang Hải vậy ta. Có ai xem vì Bích Phương như tui hong ^^,https://www.youtube.com/watch?v=3bGcE4htGrI,YouTube
Thấy quang hải vào xem,https://www.youtube.com/watch?v=3bGcE4htGrI,YouTube
Nhìn anh hải là thich rôi,https://www.youtube.com/watch?v=3bGcE4htGrI,YouTube
Ôi Anh QH của tuiiiii,https://www.youtube.com/watch?v=3bGcE4htGrI,YouTube
Phương xinh quóa,https://www.youtube.com/watch?v=3bGcE4htGrI,YouTube
Quang Hải ️️,https://www.youtube.com/watch?v=3bGcE4htGrI,YouTube
Xem vì có a hải,https://www.youtube.com/watch?v=3bGcE4htGrI,YouTube
Thấy bác Phương nhảy vào luôn,https://www.youtube.com/watch?v=3bGcE4htGrI,YouTube
